,director
0,A.R. Murugadoss
1,Aaron Blaise
2,Aaron Horvath
3,Aaron Norris
4,Aaron Russo
5,Aaron Schneider
6,Aaron Seltzer
7,Aaron Sorkin
8,Aaron Woodley
9,Abbas Kiarostami
10,Abby Kohn
11,Abdellatif Kechiche
12,Abel Ferrara
13,Abhinav Kashyap
14,Abhishek Varman
15,Adam Marcus
16,Adam McKay
17,Adam Rifkin
18,Adam Robitel
19,Adam Shankman
20,Adam Simon
21,Adam Wingard
22,Adil El Arbi
23,Aditya Chopra
24,Aditya Dhar
25,Adrian Grunberg
26,Adrian Lyne
27,Adrian Molina
28,Adrienne Shelly
29,Agnieszka Holland
30,Aisling Walsh
31,Akira Kurosawa
32,Akiva Goldsman
33,Akiva Schaffer
34,Alain Chabat
35,Alan Cohn
36,Alan J. Pakula
37,Alan Johnson
38,Alan Metter
39,Alan Myerson
40,Alan Parker
41,Alan Poul
42,Alan Rudolph
43,Alan Shapiro
44,Alan Taylor
45,Albert Brooks
46,Albert Hughes
47,Albert Magnoli
48,Albert Pyun
49,Alec Berg
50,Alejandro Agresti
51,Alejandro Amenábar
52,Alejandro G. Iñárritu
53,Alejandro Monteverde
54,Aleksander Bach
55,Alessandro Carloni
56,Alex Cox
57,Alex Garland
58,Alex Kendrick
59,Alex Kurtzman
60,Alex Proyas
61,Alexander Payne
62,Alexander Witt
63,Alexandre Aja
64,Alexandre Avancini
65,Alexandre Rockwell
66,Alfonso Arau
67,Alfonso Cuarón
68,Alfonso Gomez-Rejon
69,Ali Abbas Zafar
70,Ali Selim
71,Alison Maclean
72,Alister Grierson
73,Allan A. Goldstein
74,Allan Arkush
75,Allan King
76,Allan Moyle
77,Allen Coulter
78,Allen Hughes
79,Allison Anders
80,Amma Asante
81,Amy Heckerling
82,Amy Holden Jones
83,Anand Tucker
84,Andrea Berloff
85,Andrew Adamson
86,Andrew Bergman
87,Andrew Davis
88,Andrew Dominik
89,Andrew Douglas
90,Andrew Erwin
91,Andrew Fleming
92,Andrew Hyatt
93,Andrew Jay Cohen
94,Andrew Morahan
95,Andrew Niccol
96,Andrew Sipes
97,Andrew Solt
98,Andrew Stanton
99,Andrew V. McLaglen
100,Andrey Konchalovskiy
101,Andrzej Bartkowiak
102,André Ducharme
103,André Øvredal
104,Andy Cadiff
105,Andy Cheng
106,Andy Fickman
107,Andy Garcia
108,Andy Muschietti
109,Andy Tennant
110,Anees Bazmee
111,Aneesh Chaganty
112,Ang Lee
113,Angela Robinson
114,Angelina Jolie
115,Angelo Pizzo
116,Angus MacLane
117,Anna Boden
118,Anna Foerster
119,Annabel Jankel
120,Anne Fletcher
121,Anne Fontaine
122,Anthony Bell
123,Anthony Drazan
124,Anthony Hemingway
125,Anthony Hickox
126,Anthony Minghella
127,Anthony Russo
128,Anthony Stacchi
129,Anthony Waller
130,Antoine Fuqua
131,Anton Corbijn
132,Antonia Bird
133,Antonio Banderas
134,Antony Hoffman
135,Anubhav Sinha
136,Anurag Basu
137,Arbaaz Khan
138,Ari Aster
139,Ari Sandel
140,Ariel Schulman
141,Ariel Vromen
142,Arlene Sanford
143,Armand Mastroianni
144,Armando Iannucci
145,Arna Selznick
146,Arne Glimcher
147,Arthur Hiller
148,Arthur Penn
149,Arthur Rankin Jr.
150,Asger Leth
151,Asghar Farhadi
152,Ash Brannon
153,Ashutosh Gowariker
154,Asif Kapadia
155,Ate de Jong
156,Atom Egoyan
157,Audrey Wells
158,Autumn de Wilde
159,Ava DuVernay
160,Babak Najafi
161,Baltasar Kormákur
162,Baran bo Odar
163,Barbet Schroeder
164,Barbra Streisand
165,Barry Cook
166,Barry Jenkins
167,Barry Levinson
168,Barry Sonnenfeld
169,Bart Freundlich
170,Baz Luhrmann
171,Beeban Kidron
172,Ben Affleck
173,Ben Falcone
174,Ben Gluck
175,Ben Hernandez Bray
176,Ben Lewin
177,Ben Stassen
178,Ben Stiller
179,Ben Wheatley
180,Ben Younger
181,Benh Zeitlin
182,Bennett Miller
183,Benny Boom
184,Benny Safdie
185,Benson Lee
186,Bernard Rose
187,Bernardo Bertolucci
188,Bethany Ashton Wolf
189,Betty Thomas
190,Bibo Bergeron
191,Bilall Fallah
192,Bill Condon
193,Bill Couturié
194,Bill Duke
195,Bill Fishman
196,Bill Forsyth
197,Bill Holderman
198,Bill Kroyer
199,Bill Murray
200,Bill Paxton
201,Bill Pohlad
202,Bille August
203,Bille Woodruff
204,Billy Bob Thornton
205,Billy Crystal
206,Billy Ray
207,Billy Weber
208,Billy Wilder
209,Björn Stein
210,Blair Hayes
211,Blake Edwards
212,Bo Burnham
213,Bo Welch
214,Boaz Yakin
215,Bob Balaban
216,Bob Clark
217,Bob Dolman
218,Bob Giraldi
219,Bob Persichetti
220,Bob Peterson
221,Bob Rafelson
222,Bob Saget
223,Bob Spiers
224,Bob Swaim
225,Bobby Farrelly
226,Bong Joon Ho
227,Bonnie Hunt
228,Boots Riley
229,Boyd Kirkland
230,Brad Anderson
231,Brad Bird
232,Brad Furman
233,Brad Peyton
234,Brad Silberling
235,Bradford Lewis
236,Bradley Cooper
237,Bradley Parker
238,Brandon Camp
239,Breck Eisner
240,Brenda Chapman
241,Brendan Malloy
242,Brent McCorkle
243,Brett Haley
244,Brett Leonard
245,Brett Ratner
246,Brett Sullivan
247,Brian Baugh
248,Brian Dannelly
249,Brian De Palma
250,Brian Fee
251,Brian G. Hutton
252,Brian Gibson
253,Brian Gilbert
254,Brian Helgeland
255,Brian Henson
256,Brian Kirk
257,Brian Klugman
258,Brian Koppelman
259,Brian Levant
260,Brian Percival
261,Brian Robbins
262,Brian Taylor
263,Brian Trenchard-Smith
264,Britt Allcroft
265,Bronwen Hughes
266,Bruce A. Evans
267,Bruce Beresford
268,Bruce Hunt
269,Bruce Joel Rubin
270,Bruce Leddy
271,Bruce Malmuth
272,Bruce McCulloch
273,Bruce Paltrow
274,Bruce Robinson
275,Bruno Barreto
276,Bryan Barber
277,Bryan Bertino
278,Bryan Singer
279,Bryan Spicer
280,Bud S. Smith
281,Bud Yorkin
282,Buddy Van Horn
283,Burny Mattinson
284,Burr Steers
285,Burt Reynolds
286,Buzz Kulik
287,Byron Howard
288,Cal Brunker
289,Callie Khouri
290,Cameron Crowe
291,Camille Delamarre
292,Campbell Scott
293,Carl Franklin
294,Carl Reiner
295,Carl Rinsch
296,Carl Schenkel
297,Carlo Carlei
298,Carlos Avila
299,Carlos Carrera
300,Carlos Saldanha
301,Carlos Saura
302,Caroline Link
303,Caroline Thompson
304,Carroll Ballard
305,Carter Smith
306,Cary Solomon
307,Casey La Scala
308,Catalina Aguilar Mastretta
309,Catherine Hardwicke
310,Cathy Malkasian
311,Cathy Yan
312,Cedric Nicolas-Troyan
313,Chad Stahelski
314,Chan-wook Park
315,Charles Binamé
316,Charles Burnett
317,Charles Crichton
318,Charles E. Sellier Jr.
319,Charles Grosvenor
320,Charles Herman-Wurmfeld
321,Charles Jarrott
322,Charles Lane
323,Charles Martin Smith
324,Charles McCracken
325,Charles Robert Carner
326,Charles S. Dutton
327,Charles Shyer
328,Charles Stone III
329,Charles T. Kanganis
330,Charlie Bean
331,Charlie Kaufman
332,Cheryl Dunye
333,Chi Muoi Lo
334,Chia-Liang Liu
335,Chris Addison
336,Chris Buck
337,Chris Butler
338,Chris Carter
339,Chris Columbus
340,Chris Eyre
341,Chris Gorak
342,Chris Henchy
343,Chris Kentis
344,Chris Koch
345,Chris Lofing
346,Chris McKay
347,Chris Menges
348,Chris Miller
349,Chris Nahon
350,Chris Noonan
351,Chris Renaud
352,Chris Roberts
353,Chris Robinson
354,Chris Rock
355,Chris Sanders
356,Chris Sivertson
357,Chris Stokes
358,Chris Wedge
359,Chris Weitz
360,Chris Williams
361,Christian Alvart
362,Christian Carion
363,Christian Ditter
364,Christian Duguay
365,Christian E. Christiansen
366,Christian Gudegast
367,Christian Rivers
368,Christine Jeffs
369,Christophe Barratier
370,Christophe Gans
371,Christopher Cain
372,Christopher Crowe
373,Christopher Guest
374,Christopher Landon
375,Christopher Leitch
376,Christopher McQuarrie
377,Christopher Miller
378,Christopher Monger
379,Christopher Nolan
380,Christopher Reeve
381,Christopher Scott Cherot
382,Christopher Spencer
383,Chuck Jones
384,Chuck Konzelman
385,Chuck Russell
386,Chuck Sheetz
387,Ciarán Foy
388,Ciro Guerra
389,Clare Kilner
390,Clark Gregg
391,Clark Johnson
392,Claude Desrosiers
393,Claude Zidi
394,Clay Kaytis
395,Clint Eastwood
396,Clive Barker
397,Clive Donner
398,Cody Cameron
399,Colin Brady
400,Colin Higgins
401,Colin Strause
402,Colin Trevorrow
403,Conrad Vernon
404,Corey Yuen
405,Corin Hardy
406,Cory Edwards
407,Cory Finley
408,Costa-Gavras
409,Courtney Hunt
410,Courtney Solomon
411,Craig Bolotin
412,Craig Brewer
413,Craig Gillespie
414,Craig Mazin
415,Craig McCracken
416,Craig R. Baxley
417,Craig Zobel
418,Cristian Mungiu
419,Curtis Hanson
420,Cyrus Nowrasteh
421,Cédric Klapisch
422,D.J. Caruso
423,DJ Pooh
424,Daisy von Scherler Mayer
425,Dallas Jenkins
426,Damian Harris
427,Damiano Damiani
428,Damien Chazelle
429,Damien Dante Wayans
430,Damien O'Donnell
431,Damián Szifron
432,Damon Santostefano
433,Dan Aykroyd
434,Dan Bradley
435,Dan Fogelman
436,Dan Gilroy
437,Dan Ireland
438,Dan Kwan
439,Dan Mazer
440,Dan O'Bannon
441,Dan Rush
442,Dan Scanlon
443,Dan Trachtenberg
444,Daniel Alfredson
445,Daniel Attias
446,Daniel Barber
447,Daniel Barnz
448,Daniel Espinosa
449,Daniel Lusko
450,Daniel Myrick
451,Daniel Petrie
452,Daniel Petrie Jr.
453,Daniel Sackheim
454,Daniel Scheinert
455,Daniel St. Pierre
456,Daniel Stamm
457,Daniel Stern
458,Daniel Taplitz
459,Danis Tanovic
460,Danièle Thompson
461,Danny Boyle
462,Danny Cannon
463,Danny DeVito
464,Danny Leiner
465,Danny Pang
466,Danny Steinmann
467,Dante Lam
468,Darnell Martin
469,Darrel Campbell
470,Darren Aronofsky
471,Darren Doane
472,Darren Grant
473,Darren Lynn Bousman
474,Darren Moloney
475,Darren Stein
476,Daryl Duke
477,Dave Borthwick
478,Dave Filoni
479,Dave Green
480,Dave Meyers
481,Dave Thomas
482,Dave Willis
483,Dave Wilson
484,David Anspaugh
485,David Atkins
486,David Ayer
487,David Blyth
488,David Bowers
489,David Boyd
490,David Carson
491,David Cronenberg
492,David Dhawan
493,David Dobkin
494,David E. Talbert
495,David F. Sandberg
496,David Fincher
497,David Frankel
498,David G. Evans
499,David Gelb
500,David Gordon Green
501,David Green
502,David Greenwalt
503,David Hackl
504,David Hogan
505,David Kellogg
506,David Kerr
507,David Koepp
508,David L. Cunningham
509,David L. Hunt
510,David Lean
511,David Leitch
512,David Levien
513,David Lowery
514,David Lynch
515,David M. Matthews
516,David M. Rosenthal
517,David Mackenzie
518,David Mamet
519,David McNally
520,David Michôd
521,David Mickey Evans
522,David Mirkin
523,David Moreau
524,David Nixon
525,David Nutter
526,David O. Russell
527,David Palmer
528,David Price
529,David R. Ellis
530,David Raynr
531,David Robert Mitchell
532,David S. Goyer
533,David S. Ward
534,David Schwimmer
535,David Seltzer
536,David Siegel
537,David Silverman
538,David Slade
539,David Soren
540,David Twohy
541,David Wain
542,David Winning
543,David Worth
544,David Yarovesky
545,David Yates
546,David Zucker
547,Davis Guggenheim
548,Dax Shepard
549,Dean DeBlois
550,Dean Devlin
551,Dean Israelite
552,Dean Parisot
553,Dean Semler
554,Dean Wright
555,Deb Hagan
556,Deborah Kaplan
557,Debra Granik
558,Delbert Mann
559,Demian Lichtenstein
560,Denis Villeneuve
561,Denise Di Novi
562,Denise Filiatrault
563,Dennie Gordon
564,Dennis Dugan
565,Dennis Gansel
566,Dennis Hopper
567,Dennis Iliadis
568,Dennis Widmyer
569,Denys Arcand
570,Denzel Washington
571,Deon Taylor
572,Deran Sarafian
573,Derek Cianfrance
574,Derrick Borte
575,Des McAnuff
576,Desmond Davis
577,Desmond Nakano
578,Destin Daniel Cretton
579,Dewey Nicks
580,Dexter Fletcher
581,Diane English
582,Diane Keaton
583,Dick Richards
584,Diederik Van Rooijen
585,Diego Kaplan
586,Diego Luna
587,Digby Cook
588,Director X.
589,Dome Karukoski
590,Dominic Sena
591,Dominique Othenin-Girard
592,Don Bluth
593,Don Coscarelli
594,Don Hall
595,Don Mancini
596,Don McKellar
597,Don Michael Paul
598,Don Paul
599,Don Roos
600,Don Scardino
601,Don Siegel
602,Don Taylor
603,Donald Petrie
604,Donald Shebib
605,Donna Deitch
606,Donovan Cook
607,Donovan Marsh
608,Dorota Kobiela
609,Doug Atchison
610,Doug Ellin
611,Doug Lefler
612,Doug Liman
613,Doug McHenry
614,Doug Sweetland
615,Douglas Aarniokoski
616,Douglas Cheek
617,Douglas Day Stewart
618,Douglas McGrath
619,Douglas Trumbull
620,Drake Doremus
621,Drew Barrymore
622,Drew Goddard
623,Drew Pearce
624,Duke Johnson
625,Duncan Gibbins
626,Duncan Jones
627,Duncan Tucker
628,Dustin Hoffman
629,Dustin Marcellino
630,Duwayne Dunham
631,Dwight H. Little
632,Dylan Brown
633,E. Elias Merhige
634,Ed Decter
635,Ed Friedman
636,Ed Gass-Donnelly
637,Ed Harris
638,Eddie Murphy
639,Edgar Wright
640,Eduardo Sánchez
641,Edward Burns
642,Edward James Olmos
643,Edward Norton
644,Edward Zwick
645,Elaine May
646,Eli Roth
647,Elizabeth Allen Rosenbaum
648,Elizabeth Banks
649,Ellory Elkayem
650,Emanuele Crialese
651,Emile Ardolino
652,Emilio Estevez
653,Emmett Malloy
654,Enrique Begné
655,Eran Creevy
656,Eric Blakeney
657,Eric Bress
658,Eric Brevig
659,Eric Bross
660,Eric Darnell
661,Eric Goldberg
662,Eric Karson
663,Eric Leighton
664,Eric Red
665,Eric Schaeffer
666,Eric Summer
667,Eric Till
668,Eric Valette
669,Ericson Core
670,Erik Canuel
671,Erik Van Looy
672,Erik White
673,Ernest R. Dickerson
674,Espen Sandberg
675,Etan Cohen
676,Ethan Coen
677,Ethan Maniquis
678,Eugenio Derbez
679,Euzhan Palcy
680,Evan Goldberg
681,F. Gary Gray
682,F. Javier Gutiérrez
683,Fabián Bielinsky
684,Farah Khan
685,Farhad Mann
686,Farhan Akhtar
687,Farren Blackburn
688,Fatih Akin
689,Fede Alvarez
690,Fedor Bondarchuk
691,Felix van Groeningen
692,Ferdinand Fairfax
693,Ferenc Török
694,Fergal Reilly
695,Fernando Meirelles
696,Fernando Trueba
697,Fina Torres
698,Fisher Stevens
699,Florent-Emilio Siri
700,Floria Sigismondi
701,Florian Henckel von Donnersmarck
702,Floyd Mutrux
703,Forest Whitaker
704,Fran Rubel Kuzui
705,Franc Roddam
706,Franc. Reyes
707,Francine McDougall
708,Francis Ford Coppola
709,Francis Lawrence
710,Francis Veber
711,Franck Khalfoun
712,Franco Zeffirelli
713,Frank Coraci
714,Frank Darabont
715,Frank LaLoggia
716,Frank Marshall
717,Frank Miller
718,Frank Nissen
719,Frank Oz
720,Frank Perry
721,Franklin J. Schaffner
722,Frant Gwo
723,François Girard
724,François Ozon
725,Fraser C. Heston
726,Fred Dekker
727,Fred Durst
728,Fred Savage
729,Fred Schepisi
730,Fred Walton
731,Fred Williamson
732,Fred Wolf
733,Frederik Du Chau
734,Fritz Kiersch
735,Frédéric Auburtin
736,Félix Enríquez Alcalá
737,Gabor Csupo
738,Gabriel Riva Palacio Alatriste
739,Gabriele Muccino
740,Gail Mancuso
741,Galen T. Chu
742,Gareth Edwards
743,Gareth Evans
744,Garry Marshall
745,Garth Davis
746,Garth Jennings
747,Gary Chapman
748,Gary Dauberman
749,Gary David Goldberg
750,Gary Eck
751,Gary Fleder
752,Gary Goddard
753,Gary Goldman
754,Gary Halvorson
755,Gary Hardwick
756,Gary McKendry
757,Gary Nelson
758,Gary Ross
759,Gary Sherman
760,Gary Shore
761,Gary Sinyor
762,Gary Trousdale
763,Gary Winick
764,Gavin Hood
765,Gavin Millar
766,Gavin O'Connor
767,Gaëtan Brizzi
768,Gene Quintano
769,Gene Saks
770,Gene Stupnitsky
771,Gene Wilder
772,Genndy Tartakovsky
773,Geoff Burrowes
774,Geoff Murphy
775,Geoffrey Sax
776,George A. Romero
777,George Armitage
778,George C. Wolfe
779,George Clooney
780,George Gallo
781,George Hickenlooper
782,George Jackson
783,George Lucas
784,George Mihalka
785,George Miller
786,George Nolfi
787,George Ogilvie
788,George P. Cosmatos
789,George Roy Hill
790,George Scribner
791,George Tillman Jr.
792,Gerard McMurray
793,Ghyslaine Côté
794,Gil Junger
795,Gil Kenan
796,Gilbert Adler
797,Gilles Paquet-Brenner
798,Gillian Armstrong
799,Gillies MacKinnon
800,Gina Prince-Bythewood
801,Giuseppe Capotondi
802,Giuseppe Tornatore
803,Glen Morgan
804,Glenn Ficarra
805,Glenn Gordon Caron
806,Gonzalo López-Gallego
807,Gordon Chan
808,Gore Verbinski
809,Gorô Miyazaki
810,Graeme Clifford
811,Graham Annable
812,Graham Baker
813,Grant Heslov
814,Greg Beeman
815,Greg Berlanti
816,Greg Coolidge
817,Greg Harrison
818,Greg McLean
819,Greg Mottola
820,Greg Strause
821,Greg Tiernan
822,Gregg Champion
823,Gregory Dark
824,Gregory Hoblit
825,Gregory Jacobs
826,Gregory Nava
827,Gregory Plotkin
828,Gregory Poirier
829,Gregory Widen
830,Greta Gerwig
831,Greydon Clark
832,Griffin Dunne
833,Grégory Levasseur
834,Guillaume Canet
835,Guillermo del Toro
836,Gurinder Chadha
837,Gus Trikonis
838,Gus Van Sant
839,Guy A. Lepage
840,Guy Ferland
841,Guy Hamilton
842,Guy Ritchie
843,Haile Gerima
844,Hal Ashby
845,Hal Needham
846,Hal Sutherland
847,Hallie Meyers-Shyer
848,Han-min Kim
849,Hans Petter Moland
850,Hany Abu-Assad
851,Harald Zwart
852,Hark Tsui
853,Harley Cokeliss
854,Harmony Korine
855,Harold Becker
856,Harold Cronk
857,Harold Ramis
858,Harry Elfont
859,Harry Winer
860,Hart Bochner
861,Hatsuki Tsuji
862,Hayao Miyazaki
863,Hayden Schlossberg
864,Hector Babenco
865,Helen Hunt
866,Hendel Butoy
867,Henry Alex Rubin
868,Henry Joost
869,Henry Selick
870,Henry Winkler
871,Herbert Ross
872,Heywood Gould
873,Hideo Nakata
874,Hiromasa Yonebayashi
875,Hironobu Sakaguchi
876,Holly Goldberg Sloan
877,Homi Adajania
878,Howard Avedis
879,Howard Deutch
880,Howard Franklin
881,Howard Storm
882,Howard Zieff
883,Hoyt Yeatman
884,Hugh Hudson
885,Hugh Johnson
886,Hugh Welchman
887,Hugh Wilson
888,Hype Williams
889,Hyung-rae Shim
890,Iain Softley
891,Ian Sharp
892,Ice Cube
893,Igor Kovalyov
894,Ilya Naishuller
895,Ingmar Bergman
896,Ira Sachs
897,Irvin Kershner
898,Irwin Winkler
899,Isabel Coixet
900,Ishirô Honda
901,Israel Horovitz
902,István Szabó
903,Ivan Passer
904,Ivan Reitman
905,J Blakeson
906,J. Lee Thompson
907,J. Mackye Gruber
908,J.A. Bayona
909,J.B. Rogers
910,J.C. Chandor
911,J.D. Dillard
912,J.F. Lawton
913,J.J. Abrams
914,J.S. Cardone
915,Jack Bender
916,Jack Clayton
917,Jack Fisk
918,Jack Nicholson
919,Jack Sholder
920,Jackie Chan
921,Jacob Estes
922,Jacques Audiard
923,Jake Kasdan
924,Jake Schreier
925,Jake Szymanski
926,James Algar
927,James B. Harris
928,James Bobin
929,James Bridges
930,James Burrows
931,James Cameron
932,James Cox
933,James DeMonaco
934,James Dearden
935,James Fargo
936,James Foley
937,James Franco
938,James Glickenhaus
939,James Goldstone
940,James Gray
941,James Gunn
942,James Isaac
943,James Ivory
944,James Komack
945,James L. Brooks
946,James Mangold
947,James Marsh
948,James Mather
949,James McTeigue
950,James Melkonian
951,James Orr
952,James Ponsoldt
953,James Sbardellati
954,James Signorelli
955,James Toback
956,James Vanderbilt
957,James Wan
958,James Watkins
959,James Wong
960,James Yukich
961,Jamie Babbit
962,Jamie Blanks
963,Jamie Travis
964,Jamie Uys
965,Jan Egleson
966,Jan Pinkava
967,Jan de Bont
968,Jane Campion
969,Janusz Kaminski
970,Jared Hess
971,Jason Bateman
972,Jason Bloom
973,Jason Friedberg
974,Jason Hall
975,Jason Moore
976,Jason Reisig
977,Jason Reitman
978,Jason Winer
979,Jason Zada
980,Jaume Balagueró
981,Jaume Collet-Serra
982,Javier Abad
983,Jay Chandrasekhar
984,Jay Duplass
985,Jay Levey
986,Jay Roach
987,Jay Russell
988,Jayson Thiessen
989,Je-kyu Kang
990,Jean Beaudin
991,Jean Duval
992,Jean-Claude Lord
993,Jean-Claude Tramont
994,Jean-Claude Van Damme
995,Jean-François Richet
996,Jean-Jacques Annaud
997,Jean-Marc Vallée
998,Jean-Marie Poiré
999,Jean-Paul Rappeneau
1000,Jean-Pierre Dardenne
1001,Jean-Pierre Jeunet
1002,Jeannot Szwarc
1003,Jeb Stuart
1004,Jee-woon Kim
1005,Jeff Blyth
1006,Jeff Burr
1007,Jeff Calhoun
1008,Jeff Daniels
1009,Jeff Fowler
1010,Jeff Franklin
1011,Jeff Kanew
1012,Jeff Lowell
1013,Jeff McGrath
1014,Jeff Newitt
1015,Jeff Nichols
1016,Jeff Pollack
1017,Jeff Schaffer
1018,Jeff Tomsic
1019,Jeff Tremaine
1020,Jeff Wadlow
1021,Jeffrey Blitz
1022,Jeffrey Nachmanoff
1023,Jeffrey W. Byrd
1024,Jemaine Clement
1025,Jennifer Flackett
1026,Jennifer Lee
1027,Jennifer Westfeldt
1028,Jennifer Yuh Nelson
1029,Jenny Gage
1030,Jeremiah S. Chechik
1031,Jeremy Garelick
1032,Jeremy Leven
1033,Jeremy Saulnier
1034,Jericca Cleland
1035,Jerrold Freedman
1036,Jerry Belson
1037,Jerry Jameson
1038,Jerry Paris
1039,Jerry Rees
1040,Jerry Schatzberg
1041,Jerry Zaks
1042,Jerry Zucker
1043,Jerusha Hess
1044,Jesse Dylan
1045,Jesse Peretz
1046,Jesse Vaughan
1047,Jessie Nelson
1048,Jessy Terrero
1049,Jez Butterworth
1050,Jill Culton
1051,Jill Sprecher
1052,Jim Abrahams
1053,Jim Drake
1054,Jim Fall
1055,Jim Field Smith
1056,Jim Gillespie
1057,Jim Goddard
1058,Jim Hanon
1059,Jim Henson
1060,Jim Jarmusch
1061,Jim Rash
1062,Jim Sheridan
1063,Jim Sonzero
1064,Jim Wilson
1065,Jimmy Hayward
1066,Jing Wu
1067,Joachim Rønning
1068,Joan Chen
1069,Joan Micklin Silver
1070,Joby Harold
1071,Jocelyn Moorhouse
1072,Jodie Foster
1073,Jody Hill
1074,Joe Alves
1075,Joe Berlinger
1076,Joe Camp
1077,Joe Carnahan
1078,Joe Chappelle
1079,Joe Charbanic
1080,Joe Cornish
1081,Joe Dante
1082,Joe Johnston
1083,Joe Menendez
1084,Joe Nussbaum
1085,Joe Penna
1086,Joe Pytka
1087,Joe Ranft
1088,Joe Roth
1089,Joe Russo
1090,Joe Wright
1091,Joel Coen
1092,Joel Edgerton
1093,Joel Gallen
1094,Joel Hershman
1095,Joel Schumacher
1096,Joel Silberg
1097,Joel Zwick
1098,Johannes Roberts
1099,John A. Davis
1100,John Badham
1101,John Bailey
1102,John Barry
1103,John Bonito
1104,John Boorman
1105,John Bruno
1106,John Byrum
1107,John Cameron Mitchell
1108,John Carl Buechler
1109,John Carney
1110,John Carpenter
1111,John Cleese
1112,John Cornell
1113,John Crowley
1114,John Curran
1115,John D. Hancock
1116,John Dahl
1117,John Derek
1118,John Eng
1119,John Erick Dowdle
1120,John Flynn
1121,John Fortenberry
1122,John Francis Daley
1123,John Frankenheimer
1124,John G. Avildsen
1125,John Gatins
1126,John Glen
1127,John Gray
1128,John Guillermin
1129,John H. Lee
1130,John Hamburg
1131,John Harrison
1132,John Herzfeld
1133,John Hillcoat
1134,John Hoffman
1135,John Hughes
1136,John Huston
1137,John Irvin
1138,John Krasinski
1139,John Lafia
1140,John Landis
1141,John Lasseter
1142,John Lee Hancock
1143,John Luessenhop
1144,John Mackenzie
1145,John Madden
1146,John Maybury
1147,John McKay
1148,John McNaughton
1149,John McTiernan
1150,John Michael McDonagh
1151,John Milius
1152,John Moore
1153,John Musker
1154,John N. Smith
1155,John Nicolella
1156,John Ottman
1157,John Pasquin
1158,John Patrick Shanley
1159,John Payson
1160,John Pogue
1161,John Polson
1162,John Putch
1163,John R. Cherry III
1164,John R. Leonetti
1165,John Requa
1166,John Rice
1167,John Roberts
1168,John Sanford
1169,John Sayles
1170,John Schlesinger
1171,John Schultz
1172,John Singleton
1173,John Stainton
1174,John Stevenson
1175,John Stockwell
1176,John Swanbeck
1177,John Waters
1178,John Wells
1179,John Whitesell
1180,John Woo
1181,Jon Amiel
1182,Jon Avnet
1183,Jon Cassar
1184,Jon Erwin
1185,Jon Favreau
1186,Jon Gunn
1187,Jon Hess
1188,Jon Hurwitz
1189,Jon Lucas
1190,Jon M. Chu
1191,Jon Poll
1192,Jon Purdy
1193,Jon S. Baird
1194,Jon Shear
1195,Jon Stewart
1196,Jon Turteltaub
1197,Jon Watts
1198,Jonah Hill
1199,Jonas Elmer
1200,Jonathan Baker
1201,Jonathan Darby
1202,Jonathan Dayton
1203,Jonathan Demme
1204,Jonathan Frakes
1205,Jonathan Glazer
1206,Jonathan Goldstein
1207,Jonathan Hensleigh
1208,Jonathan Jakubowicz
1209,Jonathan Kaplan
1210,Jonathan Kasdan
1211,Jonathan Levine
1212,Jonathan Liebesman
1213,Jonathan Lynn
1214,Jonathan Mostow
1215,Jonathan Teplitzky
1216,Jonathan Wacks
1217,Jonathan del Val
1218,Jonás Cuarón
1219,Jordan Peele
1220,Jordan Vogt-Roberts
1221,Jorge Blanco
1222,Jorge R. Gutiérrez
1223,Jorma Taccone
1224,Josef Rusnak
1225,Joseph Gordon-Levitt
1226,Joseph Kahn
1227,Joseph Kosinski
1228,Joseph Ruben
1229,Joseph Sargent
1230,Joseph Zito
1231,Josh Baker
1232,Josh Boone
1233,Josh Cooley
1234,Josh Gordon
1235,Josh Safdie
1236,Josh Schwartz
1237,Josh Trank
1238,Joshua Marston
1239,Joshua Michael Stern
1240,Josie Rourke
1241,Joss Whedon
1242,José Padilha
1243,Joyce Chopra
1244,Juan Carlos Fresnadillo
1245,Juan José Campanella
1246,Juan Piquer Simón
1247,Judd Apatow
1248,Jules Bass
1249,Julian Jarrold
1250,Julian Schnabel
1251,Julie Anne Robinson
1252,Julie Taymor
1253,Julien Temple
1254,Julius Avery
1255,Jun Falkenstein
1256,Justin Baldoni
1257,Justin Barber
1258,Justin Chadwick
1259,Justin Dec
1260,Justin Kurzel
1261,Justin Lin
1262,Justin Zackham
1263,József Gémes
1264,Kaige Chen
1265,Kar-Wai Wong
1266,Karan Johar
1267,Karan Malhotra
1268,Karel Reisz
1269,Karey Kirkpatrick
1270,Karyn Kusama
1271,Kasi Lemmons
1272,Kathryn Bigelow
1273,Katja von Garnier
1274,Katt Shea
1275,Kay Cannon
1276,Keenen Ivory Wayans
1277,Keith Gordon
1278,Keith Samples
1279,Kelly Asbury
1280,Kelly Fremon Craig
1281,Kelly Makin
1282,Ken Annakin
1283,Ken Finkleman
1284,Ken Kwapis
1285,Ken Marino
1286,Ken Russell
1287,Ken Scott
1288,Ken Shapiro
1289,Ken Wiederhorn
1290,Kenneth Branagh
1291,Kenneth Johnson
1292,Kenneth Lonergan
1293,Kenny Ortega
1294,Kent Alterman
1295,Kerry Conran
1296,Kevin Allen
1297,Kevin Altieri
1298,Kevin Bray
1299,Kevin Brodie
1300,Kevin Connolly
1301,Kevin Connor
1302,Kevin Costner
1303,Kevin Donovan
1304,Kevin Greutert
1305,Kevin Hooks
1306,Kevin Jarre
1307,Kevin Kölsch
1308,Kevin Lima
1309,Kevin Macdonald
1310,Kevin McAfee
1311,Kevin Munroe
1312,Kevin Reynolds
1313,Kevin Rodney Sullivan
1314,Kevin Smith
1315,Kevin Sorbo
1316,Kevin Spacey
1317,Kevin Tancharoen
1318,Kevin Tenney
1319,Kevin Williamson
1320,Kevin Yagher
1321,Kimberly Peirce
1322,Kinka Usher
1323,Kirk DeMicco
1324,Kirk Jones
1325,Kirk Wise
1326,Kirk Wong
1327,Kirsten Sheridan
1328,Klay Hall
1329,Koji Hashimoto
1330,Kris Isacsson
1331,Kris Pearn
1332,Kunihiko Yuyama
1333,Kurt Hale
1334,Kurt Wimmer
1335,Kyle Balda
1336,Kátia Lund
1337,Lamont Johnson
1338,Lana Wachowski
1339,Lance Rivera
1340,Larry Charles
1341,Larry Clark
1342,Larry Cohen
1343,Larry Karaszewski
1344,Lars Klevberg
1345,Lars von Trier
1346,Lasse Hallström
1347,Laura Lau
1348,Lawrence Guterman
1349,Lawrence Kasdan
1350,Lawrence Sher
1351,Lee Daniels
1352,Lee David Zlotoff
1353,Lee Sternthal
1354,Lee Tamahori
1355,Lee Toland Krieger
1356,Lee Unkrich
1357,Leigh Whannell
1358,Len Wiseman
1359,Lenny Abrahamson
1360,Leon Ichaso
1361,Leonard Nimoy
1362,Les Mayfield
1363,Les Rose
1364,Levan Gabriadze
1365,Lewis Teague
1366,Lexi Alexander
1367,Liam Lynch
1368,Liev Schreiber
1369,Lili Fini Zanuck
1370,Lilly Wachowski
1371,Lino DiSalvo
1372,Lisa Cholodenko
1373,Liz Friedlander
1374,Lone Scherfig
1375,Lorene Scafaria
1376,Lorna Cook
1377,Lou Kachivas
1378,Louis C.K.
1379,Louis Leterrier
1380,Louis Malle
1381,Louis Morneau
1382,Louis Saia
1383,Loveleen Tandan
1384,Luc Besson
1385,Luc Dardenne
1386,Luca Guadagnino
1387,Lucia Aniello
1388,Luigi Cozzi
1389,Luis Llosa
1390,Luis Mandoki
1391,Luis Prieto
1392,Luis Puenzo
1393,Luis Valdez
1394,Lukas Moodysson
1395,Luke Greenfield
1396,Luke Scott
1397,Lynn Shelton
1398,Lynne Ramsay
1399,László Nemes
1400,Léa Pool
1401,M. Night Shyamalan
1402,M.J. Bassett
1403,Mabrouk El Mechri
1404,Maggie Carey
1405,Maggie Greenwald
1406,Makoto Shinkai
1407,Malcolm D. Lee
1408,Malcolm Leo
1409,Malcolm Mowbray
1410,Mamoru Hosoda
1411,Mamoru Oshii
1412,Maneesh Sharma
1413,Mani Ratnam
1414,Manny Coto
1415,Marc Abraham
1416,Marc Caro
1417,Marc Forster
1418,Marc Lawrence
1419,Marc Levin
1420,Marc Silverstein
1421,Marc Webb
1422,Marcel Langenegger
1423,Marco Brambilla
1424,Marco Polo Constandse
1425,Marco Schnabel
1426,Marcos Siega
1427,Marcus Dunstan
1428,Marcus Nispel
1429,Marcus Raboy
1430,Marek Kanievska
1431,Maren Ade
1432,Maria Maggenti
1433,Marielle Heller
1434,Mario Azzopardi
1435,Mario Van Peebles
1436,Marisa Silver
1437,Marjane Satrapi
1438,Mark A.Z. Dippé
1439,Mark Andrews
1440,Mark Brown
1441,Mark Burton
1442,Mark Christopher
1443,Mark DiSalle
1444,Mark Dindal
1445,Mark Duplass
1446,Mark Goldblatt
1447,Mark Helfrich
1448,Mark Herman
1449,Mark Illsley
1450,Mark Jones
1451,Mark L. Lester
1452,Mark Levin
1453,Mark Mylod
1454,Mark Neveldine
1455,Mark Osborne
1456,Mark Palansky
1457,Mark Pellington
1458,Mark Piznarski
1459,Mark Romanek
1460,Mark Rosman
1461,Mark Rydell
1462,Mark Steven Johnson
1463,Mark Tarlov
1464,Mark Tonderai
1465,Mark Waters
1466,Marleen Gorris
1467,Marshall Brickman
1468,Marshall Herskovitz
1469,Martha Coolidge
1470,Martin Brest
1471,Martin Campbell
1472,Martin Donovan
1473,Martin Lawrence
1474,Martin McDonagh
1475,Martin Ritt
1476,Martin Scorsese
1477,Martin Sheen
1478,Martin Weisz
1479,Mary Harron
1480,Mary Lambert
1481,Masami Hata
1482,Masayuki Ochiai
1483,Massimo Troisi
1484,Mathieu Kassovitz
1485,Matt Bettinelli-Olpin
1486,Matt Brown
1487,Matt Hullum
1488,Matt Maiellaro
1489,Matt Piedmont
1490,Matt Reeves
1491,Matt Williams
1492,Matthew Dean Russell
1493,Matthew Diamond
1494,Matthew O'Callaghan
1495,Matthew Robbins
1496,Matthew Robinson
1497,Matthew Vaughn
1498,Matthijs van Heijningen Jr.
1499,Matty Rich
1500,Maurice Joyce
1501,Maurice Phillips
1502,Max Joseph
1503,Maya Forbes
1504,McG
1505,Meiert Avis
1506,Mel Brooks
1507,Mel Gibson
1508,Mel Smith
1509,Melanie Mayron
1510,Melina Matsoukas
1511,Melissa Martin
1512,Menahem Golan
1513,Mennan Yapo
1514,Menno Meyjes
1515,Mic Rodgers
1516,Michael Almereyda
1517,Michael Apted
1518,Michael Bay
1519,Michael Carney
1520,Michael Caton-Jones
1521,Michael Chapman
1522,Michael Chaves
1523,Michael Cimino
1524,Michael Corrente
1525,Michael Crichton
1526,Michael Cristofer
1527,Michael Cuesta
1528,Michael D. Olmos
1529,Michael Davis
1530,Michael Dinner
1531,Michael Dougherty
1532,Michael Dowse
1533,Michael Engler
1534,Michael Gornick
1535,Michael Gottlieb
1536,Michael Gracey
1537,Michael Haigney
1538,Michael Haneke
1539,Michael Hoffman
1540,Michael Karbelnikoff
1541,Michael Landon Jr.
1542,Michael Lehmann
1543,Michael Lembeck
1544,Michael Mann
1545,Michael Mayer
1546,Michael McCullers
1547,Michael Miller
1548,Michael O. Sajbel
1549,Michael Patrick Jann
1550,Michael Patrick King
1551,Michael Polish
1552,Michael Pressman
1553,Michael Radford
1554,Michael Ritchie
1555,Michael Rymer
1556,Michael Schultz
1557,Michael Schwartz
1558,Michael Showalter
1559,Michael Spierig
1560,Michael Steinberg
1561,Michael Sucsy
1562,Michael Tiddes
1563,Michael Tollin
1564,Michael Tuchner
1565,Michael Wadleigh
1566,Michael Winner
1567,Michael Winterbottom
1568,Michaël R. Roskam
1569,Michel Gondry
1570,Michel Hazanavicius
1571,Michelle Manning
1572,Mick Garris
1573,Mick Jackson
1574,Mickey Liddell
1575,Miguel Arteta
1576,Miguel Sapochnik
1577,Mikael Håfström
1578,Mikael Salomon
1579,Mike Bigelow
1580,Mike Binder
1581,Mike Birbiglia
1582,Mike Cahill
1583,Mike Clattenburg
1584,Mike Figgis
1585,Mike Flanagan
1586,Mike Gabriel
1587,Mike Hodges
1588,Mike Johnson
1589,Mike Judge
1590,Mike Leigh
1591,Mike Marvin
1592,Mike McCoy
1593,Mike Mills
1594,Mike Mitchell
1595,Mike Nawrocki
1596,Mike Newell
1597,Mike Nichols
1598,Mike Thurmeier
1599,Mike de Seve
1600,Milos Forman
1601,Mimi Leder
1602,Mimi Maynard
1603,Mira Nair
1604,Miranda July
1605,Mitch Davis
1606,Mitch Glazer
1607,Mort Nathan
1608,Morten Tyldum
1609,Motonori Sakakibara
1610,Måns Mårlind
1611,Nacho Cerdà
1612,Nacho Vigalondo
1613,Nadia Tass
1614,Nadine Labaki
1615,Nancy Meyers
1616,Nanette Burstein
1617,Nat Faxon
1618,Nate Parker
1619,Nathan Greno
1620,Neal Brennan
1621,Neal Israel
1622,Neal Jimenez
1623,Neil Abramson
1624,Neil Burger
1625,Neil Jordan
1626,Neil LaBute
1627,Neil Marshall
1628,Neil Nightingale
1629,Neill Blomkamp
1630,Nelson McCormick
1631,Nelson Shin
1632,Newt Arnold
1633,Niall Johnson
1634,Nicholas Hytner
1635,Nicholas Jarecki
1636,Nicholas McCarthy
1637,Nicholas Meyer
1638,Nicholas Stoller
1639,Nick Bruno
1640,Nick Cassavetes
1641,Nick Castle
1642,Nick Gomez
1643,Nick Hamm
1644,Nick Hurran
1645,Nick Park
1646,Nicolai Fuglsig
1647,Nicolas Pesce
1648,Nicolas Winding Refn
1649,Nicole Holofcener
1650,Niels Arden Oplev
1651,Nigel Cole
1652,Niki Caro
1653,Nikita Mikhalkov
1654,Nikolaj Arcel
1655,Nils Gaup
1656,Nima Nourizadeh
1657,Nimród Antal
1658,Nisha Ganatra
1659,Nitesh Tiwari
1660,Nnegest Likké
1661,Noah Baumbach
1662,Noam Murro
1663,Noel Black
1664,Noel Nosseck
1665,Nora Ephron
1666,Norberto Barba
1667,Norman Jewison
1668,Norman René
1669,Norton Virgien
1670,Ol Parker
1671,Olatunde Osunsanmi
1672,Ole Bornedal
1673,Oliver Daly
1674,Oliver Hirschbiegel
1675,Oliver Parker
1676,Oliver Stone
1677,Olivia Wilde
1678,Olivier Assayas
1679,Olivier Dahan
1680,Olivier Megaton
1681,Olivier Nakache
1682,Oren Moverman
1683,Oren Peli
1684,Otto Bathurst
1685,Oxide Chun Pang
1686,Oz Perkins
1687,Oz Scott
1688,P.J. Hogan
1689,Pablo Larraín
1690,Panos Cosmatos
1691,Paolo Sorrentino
1692,Paris Barclay
1693,Pat O'Connor
1694,Patrice Chéreau
1695,Patrice Leconte
1696,Patricia Birch
1697,Patricia Cardoso
1698,Patricia Riggen
1699,Patricia Rozema
1700,Patrick Doughtie
1701,Patrick Gilmore
1702,Patrick Hasburgh
1703,Patrick Hughes
1704,Patrick Lussier
1705,Patrick Read Johnson
1706,Patrick Stettner
1707,Patrick Tatopoulos
1708,Patty Jenkins
1709,Paul Abascal
1710,Paul Auster
1711,Paul Bolger
1712,Paul Brickman
1713,Paul Demeyer
1714,Paul Dinello
1715,Paul Donovan
1716,Paul Feig
1717,Paul Fisher
1718,Paul Flaherty
1719,Paul Greengrass
1720,Paul Gross
1721,Paul Haggis
1722,Paul Hunter
1723,Paul Johansson
1724,Paul King
1725,Paul Lynch
1726,Paul Mazursky
1727,Paul McGuigan
1728,Paul Michael Glaser
1729,Paul Miller
1730,Paul Schrader
1731,Paul Thomas Anderson
1732,Paul Tibbitt
1733,Paul Verhoeven
1734,Paul W.S. Anderson
1735,Paul Weiland
1736,Paul Weitz
1737,Pavel Chukhray
1738,Pawel Pawlikowski
1739,Pedro Almodóvar
1740,Pen Densham
1741,Penelope Spheeris
1742,Penny Marshall
1743,Perry Andelin Blake
1744,Pete Docter
1745,Pete Travis
1746,Peter Atencio
1747,Peter Berg
1748,Peter Billingsley
1749,Peter Bogdanovich
1750,Peter Bonerz
1751,Peter Bratt
1752,Peter Care
1753,Peter Cattaneo
1754,Peter Chelsom
1755,Peter Cornwell
1756,Peter Faiman
1757,Peter Farrelly
1758,Peter Greenaway
1759,Peter Hall
1760,Peter Hastings
1761,Peter Hedges
1762,Peter Hewitt
1763,Peter Ho-Sun Chan
1764,Peter Howitt
1765,Peter Hyams
1766,Peter Jackson
1767,Peter Kassovitz
1768,Peter Kosminsky
1769,Peter Landesman
1770,Peter Lepeniotis
1771,Peter Lord
1772,Peter M. Cohen
1773,Peter MacDonald
1774,Peter Medak
1775,Peter O'Fallon
1776,Peter R. Hunt
1777,Peter Ramsey
1778,Peter Rida Michail
1779,Peter Sasdy
1780,Peter Segal
1781,Peter Sohn
1782,Peter Sollett
1783,Peter Spierig
1784,Peter Webb
1785,Peter Webber
1786,Peter Weir
1787,Peter Werner
1788,Peter Yates
1789,Peyton Reed
1790,Phil Alden Robinson
1791,Phil Joanou
1792,Phil Johnston
1793,Phil Lord
1794,Phil Morrison
1795,Phil Roman
1796,Phil Traill
1797,Phil Vischer
1798,Philip G. Atwell
1799,Philip Haas
1800,Philip Kaufman
1801,Philip Saville
1802,Philippe Caland
1803,Philippe Falardeau
1804,Philippe Mora
1805,Phillip Borsos
1806,Phillip Noyce
1807,Phyllida Lloyd
1808,Pierre Coffin
1809,Pierre Falardeau
1810,Pierre Houle
1811,Pierre Morel
1812,Pierre Salvadori
1813,Pitof
1814,Pixote Hunt
1815,Prachya Pinkaew
1816,Preston A. Whitmore II
1817,Quentin Tarantino
1818,R.J. Cutler
1819,R.J. Kizer
1820,RZA
1821,Rachel Talalay
1822,Rafal Zielinski
1823,Raja Gosnell
1824,Rajkumar Hirani
1825,Rakesh Roshan
1826,Ralph Bakshi
1827,Ralph S. Singleton
1828,Ralph Zondag
1829,Ram Madhvani
1830,Raman Hui
1831,Ramin Bahrani
1832,Ramón Menéndez
1833,Rand Ravich
1834,Randa Haines
1835,Randal Kleiser
1836,Randall Miller
1837,Randall Wallace
1838,Rawson Marshall Thurber
1839,Raymond De Felitta
1840,Reed Morano
1841,Reema Kagti
1842,Reggie Rock Bythewood
1843,Reginald Hudlin
1844,Renny Harlin
1845,Rian Johnson
1846,Ric Roman Waugh
1847,Ricardo de Montreuil
1848,Rich Christiano
1849,Rich Moore
1850,Richard Attenborough
1851,Richard Baskin
1852,Richard Benjamin
1853,Richard Brooks
1854,Richard Curtis
1855,Richard Donner
1856,Richard Dutcher
1857,Richard Eyre
1858,Richard Fleischer
1859,Richard Franklin
1860,Richard Glatzer
1861,Richard J. Lewis
1862,Richard Kelly
1863,Richard Kwietniowski
1864,Richard LaGravenese
1865,Richard Lanni
1866,Richard Lester
1867,Richard Linklater
1868,Richard Loncraine
1869,Richard Marquand
1870,Richard Pearce
1871,Richard Pryor
1872,Richard Rich
1873,Richard Rush
1874,Richard Shepard
1875,Richard Stanley
1876,Richard Starzak
1877,Richard Wenk
1878,Richard Williams
1879,Richie Keen
1880,Rick Famuyiwa
1881,Rick Friedberg
1882,Rick Moranis
1883,Rick Rosenthal
1884,Ricky Gervais
1885,Ridley Scott
1886,Rik Swartzwelder
1887,Ringo Lam
1888,Risa Bramon Garcia
1889,Ritesh Batra
1890,Roar Uthaug
1891,Rob Bowman
1892,Rob Cohen
1893,Rob Greenberg
1894,Rob Hardy
1895,Rob Hedden
1896,Rob Letterman
1897,Rob Marshall
1898,Rob McKittrick
1899,Rob Minkoff
1900,Rob Pritts
1901,Rob Reiner
1902,Rob Schmidt
1903,Rob Thomas
1904,Rob Zombie
1905,Robby Henson
1906,Robert Adetuyi
1907,Robert Altman
1908,Robert B. Weide
1909,Robert Ben Garant
1910,Robert Benton
1911,Robert Butler
1912,Robert C. Ramirez
1913,Robert De Niro
1914,Robert Duvall
1915,Robert Eggers
1916,Robert Greenwald
1917,Robert Harmon
1918,Robert Iscove
1919,Robert Kaylor
1920,Robert Klane
1921,Robert Kurtzman
1922,Robert Lieberman
1923,Robert Longo
1924,Robert Lorenz
1925,Robert Luketic
1926,Robert Mandel
1927,Robert Marcarelli
1928,Robert Pulcini
1929,Robert Radler
1930,Robert Redford
1931,Robert Resnikoff
1932,Robert Rodriguez
1933,Robert Schwentke
1934,Robert Stevenhagen
1935,Robert Stromberg
1936,Robert Towne
1937,Robert Townsend
1938,Robert Vince
1939,Robert Vincent O'Neil
1940,Robert Walker
1941,Robert Young
1942,Robert Zemeckis
1943,Roberto Benigni
1944,Roberts Gannaway
1945,Robin Bissell
1946,Robin Budd
1947,Rocky Morton
1948,Rod Daniel
1949,Rod Lurie
1950,Rodman Flender
1951,Rodolfo Riva Palacio Alatriste
1952,Rodrigo Cortés
1953,Rodrigo García
1954,Roger Allers
1955,Roger Avary
1956,Roger Christian
1957,Roger Donaldson
1958,Roger Kumble
1959,Roger Michell
1960,Roger Spottiswoode
1961,Roger Young
1962,Rohit Dhawan
1963,Rohit Shetty
1964,Roland Emmerich
1965,Roland Joffé
1966,Roman Polanski
1967,Ron Clements
1968,Ron Howard
1969,Ron Krauss
1970,Ron Maxwell
1971,Ron Shelton
1972,Ron Underwood
1973,Ronnie Del Carmen
1974,Ronny Yu
1975,Rose Troche
1976,Rowan Joffe
1977,Rowdy Herrington
1978,Roxann Dawson
1979,Ruben Fleischer
1980,Rudy De Luca
1981,Rupert Sanders
1982,Rupert Wainwright
1983,Rupert Wyatt
1984,Russell Crowe
1985,Russell Holt
1986,Russell Mulcahy
1987,Rusty Cundieff
1988,Ry Russo-Young
1989,Ryan Coogler
1990,Ryan Fleck
1991,Ryan Little
1992,Ryan Murphy
1993,Régis Wargnier
1994,S. Shankar
1995,S.S. Rajamouli
1996,Sabir Khan
1997,Sacha Gervasi
1998,Sajid Khan
1999,Salim Akil
2000,Sally Field
2001,Sally Mattison
2002,Sally Potter
2003,Sam Fell
2004,Sam Firstenberg
2005,Sam Levinson
2006,Sam Liu
2007,Sam Mendes
2008,Sam Miller
2009,Sam Peckinpah
2010,Sam Raimi
2011,Sam Taylor-Johnson
2012,Sam Weisman
2013,Samuel Bayer
2014,Samuel Fuller
2015,Sanaa Hamri
2016,Sang-ho Yeon
2017,Sanjay Gadhvi
2018,Sanjay Gupta
2019,Sanjay Leela Bhansali
2020,Sara Sugarman
2021,Sarah Gavron
2022,Sarah Polley
2023,Sarah Smith
2024,Saul Dibb
2025,Scott Alexander
2026,Scott Cooper
2027,Scott Derrickson
2028,Scott Frank
2029,Scott Hicks
2030,Scott Kalvert
2031,Scott McGehee
2032,Scott Moore
2033,Scott Mosier
2034,Scott Silver
2035,Scott Speer
2036,Scott Stewart
2037,Scott Waugh
2038,Scott Winant
2039,Sean Anders
2040,Sean Baker
2041,Sean McNamara
2042,Sean Penn
2043,Sean S. Cunningham
2044,Sebastian del Amo
2045,Sebastián Lelio
2046,Sergei Bodrov
2047,Sergio Arau
2048,Sergio Leone
2049,Seth Barrish
2050,Seth Gordon
2051,Seth Kearsley
2052,Seth MacFarlane
2053,Seth Rogen
2054,Shana Feste
2055,Shane Acker
2056,Shane Black
2057,Shari Springer Berman
2058,Sharon Maguire
2059,Shawn Levy
2060,Shekhar Kapur
2061,Sheldon Lettich
2062,Shigeyasu Yamauchi
2063,Shuki Levy
2064,Siddharth Anand
2065,Siddiq Barmak
2066,Siddique
2067,Sidney J. Furie
2068,Sidney Lumet
2069,Simon Curtis
2070,Simon J. Smith
2071,Simon Kinberg
2072,Simon Verhoeven
2073,Simon Wells
2074,Simon West
2075,Simon Wincer
2076,Sngmoo Lee
2077,Sofia Coppola
2078,Sohail Khan
2079,Sondra Locke
2080,Sooraj R. Barjatya
2081,Sophia Takal
2082,Spike Jonze
2083,Spike Lee
2084,Sriram Raghavan
2085,Stacy Title
2086,Stan Dragoti
2087,Stan Lathan
2088,Stan Winston
2089,Stanley Donen
2090,Stanley Kubrick
2091,Stanley Tong
2092,Stanley Tucci
2093,Stefan Ruzowitzky
2094,Stefano Sollima
2095,Stefen Fangmeier
2096,Stella Meghie
2097,Stephan Elliott
2098,Stephen Carpenter
2099,Stephen Chbosky
2100,Stephen Chow
2101,Stephen Daldry
2102,Stephen Deutsch
2103,Stephen E. Rivkin
2104,Stephen Frears
2105,Stephen Gaghan
2106,Stephen Gyllenhaal
2107,Stephen Herek
2108,Stephen Hillenburg
2109,Stephen Hopkins
2110,Stephen J. Anderson
2111,Stephen Kay
2112,Stephen Kessler
2113,Stephen King
2114,Stephen Merchant
2115,Stephen Milburn Anderson
2116,Stephen Norrington
2117,Stephen Sommers
2118,Stephen Surjik
2119,Stephen Susco
2120,Steve 'Spaz' Williams
2121,Steve Antin
2122,Steve Barron
2123,Steve Beck
2124,Steve Bendelack
2125,Steve Box
2126,Steve Boyum
2127,Steve Carr
2128,Steve Carver
2129,Steve De Jarnatt
2130,Steve Gomer
2131,Steve Gordon
2132,Steve Hickner
2133,Steve Kloves
2134,Steve Martino
2135,Steve McQueen
2136,Steve Miner
2137,Steve Oedekerk
2138,Steve Pink
2139,Steve Race
2140,Steve Rash
2141,Steve Saint Leger
2142,Steve Shill
2143,Steve Trenbirth
2144,Steven Brill
2145,Steven Caple Jr.
2146,Steven E. de Souza
2147,Steven Hahn
2148,Steven Knight
2149,Steven Lisberger
2150,Steven Quale
2151,Steven S. DeKnight
2152,Steven Seagal
2153,Steven Shainberg
2154,Steven Soderbergh
2155,Steven Spielberg
2156,Steven Zaillian
2157,Stewart Hendler
2158,Stewart Raffill
2159,Stig Bergqvist
2160,Stiles White
2161,Stuart Baird
2162,Stuart Beattie
2163,Stuart Gillard
2164,Stuart Gordon
2165,Stuart Hazeldine
2166,Stuart Rosenberg
2167,Subhash Ghai
2168,Sujeeth
2169,Susan Seidelman
2170,Susan Stroman
2171,Susanna Fogel
2172,Susanna White
2173,Susannah Grant
2174,Susanne Bier
2175,Sydney Pollack
2176,Sylvain Chomet
2177,Sylvain White
2178,Sylvester Stallone
2179,Tadayoshi Yamamuro
2180,Taika Waititi
2181,Takashi Shimizu
2182,Tamara Jenkins
2183,Tamra Davis
2184,Tarsem Singh
2185,Tarun Mansukhani
2186,Tate Taylor
2187,Tatsuya Nagamine
2188,Taylor Hackford
2189,Taylor Sheridan
2190,Ted Berman
2191,Ted Demme
2192,Ted Kotcheff
2193,Terence Davies
2194,Terence Young
2195,Terrence Malick
2196,Terry George
2197,Terry Gilliam
2198,Terry Jones
2199,Terry Zwigoff
2200,Thea Sharrock
2201,Theodore Melfi
2202,Theodore Witcher
2203,Thom Eberhardt
2204,Thomas Bezucha
2205,Thomas Carter
2206,Thomas J. Wright
2207,Thomas K. Avildsen
2208,Thomas Schlamme
2209,Thomas Vinterberg
2210,Thor Freudenthal
2211,Thurop Van Orman
2212,Tibor Takács
2213,Tim Blake Nelson
2214,Tim Burton
2215,Tim Chambers
2216,Tim Fywell
2217,Tim Hill
2218,Tim Hunter
2219,Tim Johnson
2220,Tim Kirkby
2221,Tim McCanlies
2222,Tim Miller
2223,Tim Pope
2224,Tim Robbins
2225,Tim Story
2226,Timothy A. Chey
2227,Timothy Björklund
2228,Timothy Reckart
2229,Timur Bekmambetov
2230,Tina Gordon
2231,Tobe Hooper
2232,Tod Williams
2233,Todd Edwards
2234,Todd Field
2235,Todd Graff
2236,Todd Haynes
2237,Todd Holland
2238,Todd Lincoln
2239,Todd Phillips
2240,Todd Robinson
2241,Todd Solondz
2242,Todd Strauss-Schulson
2243,Todd Wilderman
2244,Tom Brady
2245,Tom Daley
2246,Tom Dey
2247,Tom DiCillo
2248,Tom Ford
2249,Tom Gormican
2250,Tom Green
2251,Tom Hanks
2252,Tom Harper
2253,Tom Holland
2254,Tom Hooper
2255,Tom Mankiewicz
2256,Tom McCarthy
2257,Tom McGrath
2258,Tom McLoughlin
2259,Tom Ropelewski
2260,Tom Savini
2261,Tom Schulman
2262,Tom Shadyac
2263,Tom Tykwer
2264,Tom Vaughan
2265,Tomas Alfredson
2266,Tommy Lee Jones
2267,Tommy Lee Wallace
2268,Tommy O'Haver
2269,Tommy Wirkola
2270,Tony Bancroft
2271,Tony Bill
2272,Tony Gilroy
2273,Tony Goldwyn
2274,Tony Kaye
2275,Tony Leondis
2276,Tony Maylam
2277,Tony Randel
2278,Tony Richardson
2279,Tony Scott
2280,Tony Vitale
2281,Travis Cluff
2282,Travis Knight
2283,Trent Cooper
2284,Trevor Moore
2285,Trevor Wall
2286,Trey Edward Shults
2287,Trey Parker
2288,Trish Sie
2289,Trivikram Srinivas
2290,Troy Duffy
2291,Troy Miller
2292,Troy Nixey
2293,Troy Quane
2294,Tuck Tucker
2295,Tyler Gillett
2296,Tyler Nilson
2297,Tyler Perry
2298,Uli Edel
2299,Ulu Grosbard
2300,Uwe Boll
2301,Vadim Perelman
2302,Valerie Faris
2303,Vic Armstrong
2304,Vic Sarin
2305,Vicky Jenson
2306,Victor Nunez
2307,Victor Salva
2308,Vijay Krishna Acharya
2309,Vincent D'Onofrio
2310,Vincent Gallo
2311,Vincent Kesteloot
2312,Vincent Paronnaud
2313,Vincent Ward
2314,Vincenzo Natali
2315,Vishal Bhardwaj
2316,Vondie Curtis-Hall
2317,W.D. Richter
2318,Wallace Wolodarsky
2319,Wally Pfister
2320,Walt Becker
2321,Walt Dohrn
2322,Walter Hill
2323,Walter Murch
2324,Walter Salles
2325,Warren Beatty
2326,Warren Coleman
2327,Warren Leight
2328,Wash Westmoreland
2329,Wayne Beach
2330,Wayne Blair
2331,Wayne Kramer
2332,Wayne Wang
2333,Werner Herzog
2334,Wes Anderson
2335,Wes Ball
2336,Wes Craven
2337,Whit Stillman
2338,Wil Shriner
2339,Will Finn
2340,Will Gluck
2341,Will Speck
2342,Willard Carroll
2343,Willard Huyck
2344,William A. Fraker
2345,William A. Graham
2346,William Brent Bell
2347,William Butler
2348,William Dear
2349,William Eubank
2350,William Friedkin
2351,William Lustig
2352,William Malone
2353,William Oldroyd
2354,William Riead
2355,William Shatner
2356,William T. Hurtz
2357,William Tannen
2358,Wilson Yip
2359,Wim Wenders
2360,Wolfgang Becker
2361,Wolfgang Petersen
2362,Woo-Ping Yuen
2363,Woody Allen
2364,Wuershan
2365,Wych Kaosayananda
2366,Xavier Beauvois
2367,Xavier Gens
2368,Xavier Koller
2369,Xavier Palud
2370,Yann Demange
2371,Yarrow Cheney
2372,Yash Chopra
2373,Yimou Zhang
2374,Yong-hwa Kim
2375,Yorgos Lanthimos
2376,Youssef Delara
2377,Yurek Bogayevicz
2378,Yvan Attal
2379,Yvette Kaplan
2380,Zach Braff
2381,Zach Cregger
2382,Zach Helm
2383,Zacharias Kunuk
2384,Zack Snyder
2385,Zal Batmanglij
2386,Zara Hayes
2387,Zelda Barron
2388,Ziad Doueiri
2389,Zoran Perisic
2390,Zoya Akhtar
2391,Álex de la Iglesia
2392,Élie Chouraqui
2393,Émile Gaudreault
2394,Éric Tessier
2395,Éric Toledano
2396,Éric Warin
