,production_company
0,"""DIA"" Productions GmbH & Co. KG"
1,"""Weathering With You"" Film Partners"
2,120dB Films
3,1492 Pictures
4,1818 Productions
5,1821 Pictures
6,19 Entertainment
7,1978 Films
8,1984 Private Defense Contractors
9,2.0 Entertainment
10,2.4.7. Films
11,2003 Productions
12,20th Century Fox Film Corporation
13,20th Century Studios
14,21 Laps Entertainment
15,21st Century Film Corporation
16,21st Century Films
17,25th Hour Productions
18,26 Films
19,2929 Productions
20,2DUXÂ²
21,3 Arts Entertainment
22,3 Miles Apart Productions Ltd.
23,3311 Productions
24,34th Street Films
25,360 Pictures
26,3Mark Entertainment
27,4 Kids Entertainment
28,40 Acres & A Mule Filmworks
29,415 Productions
30,42
31,5 Stick Films
32,7 Films CinÃ©ma
33,88 Productions
34,888 Productions
35,900 Films
36,98 MPH Productions
37,A Band Apart
38,A Happy Place
39,A&M Films
40,A-Mark Entertainment
41,A24
42,ABC Motion Pictures
43,AGBO
44,AI-Film
45,AITD Productions
46,AMBI Group
47,AMLF
48,AR Films
49,ARP SÃ©lection
50,ARTE
51,ASIG Productions
52,ATR Films
53,AVCO Embassy Pictures
54,Aamir Khan Productions
55,Aardman Animations
56,Aaron Russo Productions
57,Aaron Spelling Productions
58,Aascar Film P.
59,Abandon Entertainment
60,Abraham Productions
61,Abramoff Production
62,Absolute Entertainment (II)
63,Acacia Filmed Entertainment
64,Access Entertainment
65,Act III Communications
66,Ad Hominem Enterprises
67,AdScott Pictures
68,Ada Films
69,Adams Apple Film Company
70,Addis Wechsler Pictures
71,Adela Pictures
72,Adult Swim
73,Adventure Pictures
74,Affirm Films
75,After Dark Films
76,Aggregate Films
77,Akil Production Company
78,Alameda Films
79,Alcon Entertainment
80,Alcor Films
81,Aldamisa Entertainment
82,Alebrije Cine y Video
83,Alexandre Films
84,Alibaba Pictures
85,AlicÃ©lÃ©o
86,Alive Films
87,All Girl Productions
88,All Net Productions
89,Allan Zeman Productions
90,Allarts
91,Alliance
92,Alliance Atlantis Communications
93,Alliance Atlantis Motion Picture Distribution
94,Alliance Atlantis Vivafilm
95,Alliance Communications Corporation
96,Alliance Entertainment
97,Alliance Films
98,Allied Filmmakers
99,Allied Stars Ltd.
100,Allied Vision
101,Allison Shearmur Productions
102,Alloy Entertainment
103,Allspark Pictures
104,Almena Films
105,Alpha Pictures
106,Alphaville Films
107,Also Known As Pictures
108,Altavista Films
109,Alter Ego Entertainment
110,Am Psycho Productions
111,Amazon Studios
112,Amblin Entertainment
113,Amblin Partners
114,Ambridge Film Partnership
115,Amen Ra Films
116,Amercent Films
117,American Cinema Productions
118,American Empirical Pictures
119,American Entertainment Partners II L.P.
120,American Playhouse
121,American Zoetrope
122,American-European Productions
123,Amuse
124,Amusement Park Films
125,An Olive Branch Productions
126,Anabasis N.V.
127,Anarchist's Convention Films
128,Anchor Bay Films
129,Andrea Sperling Productions
130,Andrew Lauren Productions
131,Ang Lee Productions
132,Angry Films
133,Anhelo Producciones
134,Animal Kingdom
135,Animal Logic
136,Animavision
137,Annapurna Pictures
138,Annhall
139,Anonymous Content
140,Antena 3 Films
141,Anthem Productions
142,Anxiety Productions
143,Apartment Story
144,Apatow Productions
145,Apelles Entertainment
146,Apex Entertainment
147,Apocalypso Pictures
148,ApolloMedia Distribution
149,Apostle
150,Appian Way
151,Applied Action
152,Arbaaz Khan Productions
153,Arc Productions
154,Arcade Pictures
155,Arcafin B.V.
156,Archer Gray
157,Archer Street Productions
158,Aries CinematogrÃ¡fica Argentina
159,Arka Mediaworks
160,Armory Films
161,Arnold Kopelson Productions
162,Art Linson Productions
163,Art Pictures Studio
164,Artbees
165,Artic Productions LLC
166,Artimm
167,Artisan Entertainment
168,Artistry Limited
169,Artists First
170,Artists Production Group (APG)
171,Artists Public Domain
172,Arts Council of England
173,Ascendant Pictures
174,Asghar Farhadi Productions
175,Ashutosh Gowariker Productions
176,Asia Union Film & Entertainment Ltd.
177,Aspen Film Society
178,Assemblage Entertainment
179,Astoria Films
180,Astral Bellevue PathÃ©
181,Astral Films
182,Astralwerks
183,Astute Films
184,Asymmetrical Productions
185,Atchafalaya
186,Atlanta Production
187,Atlantic Entertainment Group
188,Atlas 2 Productions
189,Atlas Entertainment
190,Atlas Productions
191,Atmosphere Entertainment MM
192,Atomic Monster
193,Audiovisual Aval SGR
194,Audiovisual Development Bureau
195,Audley Films
196,August Entertainment
197,Augustus Film
198,Aurora
199,Australian Film Finance Corporation (AFFC)
200,Avenue Pictures
201,Avery Pix
202,Avi Arad & Associates
203,Avi Arad Productions
204,Aviron Pictures
205,Avnet/Kerner Productions
206,Avrora Media
207,Award Entertainment
208,Awesomeness Films
209,Azoff Entertainment
210,B Story
211,B24
212,BBC Films
213,BBE
214,BBL Motion Picture Studios
215,BET Films
216,BET Pictures
217,BIM Distribuzione
218,BMI (No. 9) Ltd.
219,BN Films
220,BRON Studios
221,BZ Entertainment
222,Babieka
223,Baby Way Productions
224,Babylon
225,Bac Films
226,Bachelor Party Productions
227,Bad Bird Productions
228,Bad Lt. Productions
229,Bad Robot
230,Bakshi Animation
231,Balcor Film Investors
232,Baldwin/Cohen Productions
233,Balkan Productions
234,Baltimore Pictures
235,Bandai Films
236,Bandai Visual Company
237,Bandeira Entertainment
238,Barcelona Films
239,Barclays Mercantile Industrial Finance
240,Barmak Film
241,Barry & Enright Productions
242,Barunson E&A
243,Baumgarten-Prophet Entertainment
244,Bavaria Film
245,Bazelevs Production
246,Bazmark Films
247,Be Gentlemen Limited Partnership
248,Beacon Communications
249,Beckner/Gorman Productions
250,Beco Films
251,Bedrocket Media Ventures
252,Bee Season Productions Inc.
253,Beech Hill Films
254,Before The Door Pictures
255,Beijing Dengfeng International Culture Communications Company
256,Beijing New Picture Film Co.
257,Beijing Skywheel Entertainment Co.
258,Bel Air Entertainment
259,Belladonna Productions
260,Ben-Ami/Leeds Productions
261,BenderSpink
262,Bergen
263,Bergman Lustig Productions
264,Beverly Detroit
265,Beyond Films
266,Bh5
267,Bhansali Films
268,Bhansali Productions
269,Big Balloon Adventure Movie
270,Big Beach Films
271,Big City Pictures
272,Big Dog Films
273,Big Idea Productions
274,Big Indie Pictures
275,Big Red Dog Productions
276,Big Screen Productions
277,Big Screen Productions V
278,Big Talk Productions
279,Bigel / Mailer Films
280,Bill Graham Films
281,Bill Kenwright Films
282,Bipolar Pictures
283,Black Bear Pictures
284,Black Bicycle Entertainment
285,Black Diamond Pictures
286,Black Dog Jib Productions
287,Black Entertainment Television (BET)
288,Black Hawk Entertainment
289,Black Label Media
290,BlackWhite
291,Blackbird
292,Blackened Recordings
293,Bleecker Street Films
294,Bleiberg Entertainment
295,Blinding Edge Pictures
296,Bling Unplugged
297,Block / Hanson
298,Block 2 Pictures
299,Blockbuster Movie Entertainers
300,Bloodline Films
301,Bloom Films 1998 Inc.
302,Blow Up Pictures
303,Blue Askew
304,Blue Budgie Films Limited
305,Blue Haze Entertainment
306,Blue Rider Pictures
307,Blue Sky Films
308,Blue Sky Studios
309,Blue Train Productions
310,Blue Tulip Productions
311,Blue Yonder Films
312,Bluegrass Films
313,Blueprint Pictures
314,Blumhouse Productions
315,Bob Industries
316,Bob Yari Productions
317,Bobby Jones Films LLC
318,Boies / Schiller Film Group
319,Bold Films
320,Boll Kino Beteiligungs GmbH & Co. KG
321,Bollywood Hollywood Production
322,Bona Fide Productions
323,Bona Film Group
324,Boneyard Entertainment
325,Brandywine Productions
326,Brant-Allen
327,Branti Film Productions
328,Braven Films
329,Braveworld Productions
330,BreakThru Productions
331,Brezner
332,Brigand Films
333,Brightstar Films
334,Brillstein-Grey Entertainment
335,British Broadcasting Corporation (BBC)
336,British Broadcasting Corporation (BBC) Television
337,British Film Institute (BFI)
338,British Screen Productions
339,Broad Green Pictures
340,Broadway Pictures
341,Broadway Video
342,Broken Lizard Industries
343,Broken Road Productions
344,Brooksfilms
345,Brownstone Entertainment (II)
346,Brownstone Productions (II)
347,Bryna Productions
348,Buckeye Films
349,Bud Yorkin Productions
350,Buena Vista Home Entertainment
351,Buena Vista International
352,Buffalo Films
353,Bulb Chamka
354,Bull's Eye Entertainment
355,Bullwinkle Studios
356,Bungalow Productions
357,Burek Films
358,Burk A Project
359,Busboy Productions
360,Butcher's Run Films
361,BÃ³rd ScannÃ¡n na hÃ‰ireann
362,C & C Brown Production
363,C-2 Pictures
364,C.A.T. Films
365,C.H.U.D. Productions
366,C.O.R.E. Feature Animation
367,CBS Entertainment Production
368,CBS Films
369,CBS Theatrical Films
370,CD2 Films
371,CG CinÃ©ma
372,CIP Filmproduktion GmbH
373,CJ Entertainment
374,CTB Film Company
375,Cabal Film
376,Caffeination
377,CalMaple
378,Calamity Films
379,Calash Corporation
380,Calimari Productions
381,Callahan Filmworks
382,Cambridge Productions
383,Camelot Pictures
384,Camfam Studios
385,Camp Hill
386,Can I Watch
387,Canadian Film Development Corporation (CFDC)
388,Canadian Film or Video Production Tax Credit (CPTC)
389,Canadian International Studios VIII
390,Canal+
391,Canal+ Droits Audiovisuels
392,Canal+ EspaÃ±a
393,Canana Films
394,Candyman Films
395,Cannon Entertainment
396,Cannon Films
397,Cannon Group
398,Cannon International
399,Cannon Italia Srl
400,Cannon Pictures
401,Capcom Entertainment
402,Capella Films
403,Capella International
404,Capital Arts Entertainment
405,Capitol Films
406,Capricorn
407,Captivity Productions
408,Caravan Pictures
409,Carmel Entertainment
410,Carnival Film & Television
411,Carolco Entertainment
412,Carolco International N.V.
413,Carolco Pictures
414,Carousel Productions (II)
415,Carthago Films S.a.r.l.
416,Cartoon Network Studios
417,Casablanca Filmworks
418,Casey Silver Productions
419,Castelao Producciones
420,Castle Rock Entertainment
421,Casual Friday Productions
422,Cave 76
423,Caviar
424,Ce Qui Me Meut Motion Pictures
425,Cecchi Gori Group Tiger Cinematografica
426,Cecchi Gori Pictures
427,Celador Films
428,Celandine Films
429,Celluloid Dreams
430,Cent Productions Inc.
431,Centropolis Film Productions
432,Centurion
433,Chai Productions
434,Challenge Film Corporation
435,Channel Films
436,Channel Four Films
437,Charles H. Schneer Productions
438,Chartoff-Winkler Productions
439,Cheerleader LLC
440,Chernin Entertainment
441,Cherry Alley Productions
442,Cherry Sky Films
443,Chester Films Inc.
444,Chestnut Ridge Productions
445,Cheyenne Enterprises
446,Chicago Pacific Entertainment
447,Chicago Pictures
448,Chickie the Cop
449,China Film Co-Production Corporation
450,China Film Group Corporation (CFGC)
451,Chinese Bookie Pictures
452,Chockstone Pictures
453,Chris Lee Productions
454,Chris Morgan Productions
455,Christiano Film Group
456,Christopher Columbus Productions
457,Chungeorahm Film
458,CiBy 2000
459,Cima Productions
460,Cine Location Services
461,CineSon Entertainment
462,CineWild
463,Cinecom Entertainment Group
464,Cinecorp SAC
465,Cinehaus
466,Cinejota Filmproduktionsgesellschaft mbH & Co.
467,Cinelou Films
468,Cinema '84
469,Cinema 77
470,Cinema City Films
471,Cinema Group Ventures
472,Cinema Line Film Corporation
473,Cinema Plus
474,CinemaNX
475,Cinemarque Entertainment BV
476,Cinematograph AB
477,Cinemex
478,Cineplex Odeon Films
479,Cinepro
480,Cinereach
481,Cinerenta Medienbeteiligungs KG
482,Cinergi Pictures Entertainment
483,Cinesthesia Productions
484,Cinetel Films
485,Cinetic Media
486,Cineville
487,CinÃ©-Roman Inc.
488,CinÃ©maginaire Inc.
489,CinÃ©pix Film Properties (CFP)
490,Circle Films
491,City Films
492,City of Peace Films
493,CitÃ©-AmÃ©rique
494,Claudie Ossard Productions
495,Clavius Base
496,Cliffjack Motion Pictures
497,Clinica Estetico
498,Clipsal Films
499,Closest to the Hole Productions
500,Cloud Atlas Productions
501,Cloud Eight Films
502,Cloud Ten Pictures
503,Clubhouse Pictures (II)
504,Coach Carter
505,Cocktail Film
506,Code Entertainment
507,Code Productions
508,Codeblack Entertainment
509,Codeblack Films
510,Cohen Media Group
511,Colgems Productions Ltd.
512,Color Force
513,Columbia Pictures
514,Columbia Pictures Film Production Asia
515,Columbia Pictures Industries
516,Columbus Circle Films
517,Comedy Central Films
518,Company Films
519,Compulsion Inc.
520,Concorde Pictures
521,Conquering Unicorn
522,Conquest Productions
523,Consejo Nacional para la Cultura y las Artes (CONACULTA)
524,Constantin Film
525,Constantin Film International
526,Constellation
527,Constellation Entertainment
528,ContentFilm
529,Contrafilm
530,Cornelius Productions
531,Corporation Image M & M
532,Corsan
533,Cort/Madden Productions
534,Cottonwood Pictures
535,Covert Media
536,Cradle Productions Inc.
537,Craven-Maddalena Films
538,Cre Film
539,Crea SGR
540,Creative Wealth Media Finance
541,Creepshow Films Inc.
542,Crescent Drive Pictures
543,Cristaldifilm
544,Cross Creek Pictures
545,Crossroads Films
546,Crowvision Inc.
547,Cruella Productions
548,Cruise/Wagner Productions
549,Crunk Pictures
550,Crusader Entertainment
551,Crystal Sky Worldwide
552,Crystalite Productions
553,Cube Vision
554,Curmudgeon Films
555,Cypress Grove
556,D & P Productions
557,DC Comics
558,DC Entertainment
559,DEJ Productions
560,DENTSU Music And Entertainment
561,DIC Entertainment
562,DJ Films
563,DMG Entertainment
564,DNA Films
565,Dakshaa
566,Daly-Harris Productions
567,Danjaq
568,Danmarks Radio (DR)
569,Dark Castle Entertainment
570,Dark Horse Entertainment
571,David Brown Productions
572,David Foster Productions
573,David Kirschner Productions
574,Davis Entertainment
575,Davis Films / Impact Pictures
576,Davis-Films
577,Davis-Panzer Productions
578,Davros Films
579,Day Twenty- Eight Films
580,Dayday Films
581,De Fina-Cappa
582,De Laurentiis Entertainment Group (DEG)
583,De Line Pictures
584,DeHaven/Shapiro Productions
585,Decibel Films
586,Deep River Productions
587,Delphi Films
588,Delphi III Productions
589,Delphi V Productions
590,Demarest Films
591,Dentsu
592,Depth of Field
593,Desert Hearts Productions
594,Destination Films
595,Destro Films
596,Detour Filmproduction
597,Devgan Films
598,Devoted Productions
599,Dexter Studios
600,Dharma Productions
601,Di Bonaventura Pictures
602,DiNovi Pictures
603,Diablo Entertainment (II)
604,Diagonal TV
605,Dickhouse Productions
606,Dieter Geissler Filmproduktion
607,Digital Image Associates
608,Dimension Films
609,Dino De Laurentiis Company
610,Dino de Laurentiis Communications
611,Disney Television Animation
612,Disney Theatrical Productions (DTP)
613,Disneytoon Studios
614,Disruption Entertainment
615,Dog Run Pictures
616,Dogstar Films
617,Dollface
618,Dolphin Entertainment
619,Don Bluth
620,Don Simpson/Jerry Bruckheimer Films
621,Donner/Shuler-Donner Productions
622,Dos Corazones Films
623,Double Dare You (DDY)
624,Double Nickel Entertainment
625,Double Play
626,Doug Liman Productions
627,Dovemead Films
628,DragonCove Studios
629,DreamWorks
630,DreamWorks Animation
631,Dune Entertainment
632,Dylan Sellers Productions
633,EFTI
634,EMI Films
635,ESPN Films
636,ETIC Films
637,Eagle Associates.
638,Eaves Movie Ranch
639,Echo Lake Entertainment
640,Eclectic Pictures
641,Eclipse Films
642,Ecosse Films
643,Eddie Murphy Productions
644,Eden Rock Media
645,Edgar J. Scherick Associates
646,Edgewood Productions
647,Edmonds Entertainment Group (EEG)
648,Edward R. Pressman Film
649,Efer Productions
650,Egg Pictures
651,Egoli Tossell Film
652,Eikon Film
653,El Deseo
654,Elara Pictures
655,Electric Entertainment
656,Element Films
657,Element Pictures
658,Elevation Filmworks
659,Eleventh Street Production
660,Elle Driver
661,Elysian Dreams
662,Embassy International Pictures
663,Embassy Pictures
664,Emissary Productions
665,Emmett/Furla/Oasis Films (EFO Films)
666,Emperor Multimedia Group (EMG)
667,Empire Pictures
668,Emshell Producers
669,Enchanter Entertainment
670,Enchantment Films Inc.
671,Encino Man Productions
672,Endgame Entertainment
673,Englander Productions
674,Enigma Productions
675,Entertainment Manufacturing Company
676,Entertainment One
677,Entertainment Studios Motion Pictures
678,Enticing Entertainment
679,Eon Productions
680,EpithÃ¨te Films
681,Epsilon Motion Pictures
682,ErgoArts
683,Eros Entertainment
684,Eros International
685,Escalante Productions
686,Escape Artists
687,Esparza
688,Esperanto Kino
689,Esperanza Films Inc.
690,Esta Vivo! Laboratorio de Nuevos Talentos
691,Estudios Churubusco Azteca S.A.
692,Estudios Picasso
693,Etalon Film
694,EuropaCorp
695,Evenstar Films
696,Everest Entertainment
697,Every Tribe Entertainment
698,Everyman Pictures
699,Evolution Entertainment
700,Excel Entertainment
701,Exclusive Films
702,Exclusive Media Group
703,Eye On The Ball Films
704,Ezekiel Films
705,F/M
706,FAI Films
707,FGM Entertainment
708,FTM Productions
709,FX Sound
710,Facilitator Films
711,Fade In Films
712,Fade to Black Productions
713,Fairview Entertainment
714,Fairway Films
715,FaithStep Films
716,Faliro House Productions
717,Fallingcloud
718,Fear and Loathing LLC
719,Fear of God Films
720,Fermion Films
721,Fernando Trueba Producciones CinematogrÃ¡ficas
722,Ferndale Films
723,Fickle Fish Films
724,Fiction
725,Fifth Avenue Entertainment
726,Figment Films
727,Film 44
728,Film Andes S.A.
729,Film Club
730,Film Council
731,Film Futures
732,Film Kraft
733,Film Workshop
734,Film i VÃ¤st
735,Film4
736,FilmColony
737,FilmDistrict
738,FilmFour
739,FilmNation Entertainment
740,Filmadora Nacional
741,Filmation Associates
742,Filmauro
743,Filmax Group
744,Filmax International
745,Filmkameratene A/S
746,Filmline Productions
747,Filmplan International
748,Filmways Pictures
749,Fine Line Features
750,Fingerprint Releasing
751,First Light Production
752,First Look International
753,First Step Productions
754,First Sun
755,Flan de Coco Films
756,Flashlight Films
757,Fluiidmask Studios
758,Focus Features
759,Focus Puller Inc.
760,Fogwood Films
761,Follow Through Productions
762,Forecast Pictures
763,Foresight Unlimited
764,Forest Whitaker's Significant Productions
765,Forge
766,FortyFour Studios
767,Forward Pass
768,Foundry Films
769,Four Seasons Partnership
770,Fourth Protocol
771,Fox 2000 Pictures
772,Fox Atomic
773,Fox Searchlight Pictures
774,Franchise Pictures
775,Freddie Fields Productions
776,Frenesy Film Company
777,Fries Entertainment
778,Front Films
779,Front Street Pictures
780,Fu Works
781,Fuego Films
782,Full Crew/Say Yea
783,Full Sail Real World Education
784,Fun Academy Media Group
785,Funny or Die
786,Future Films
787,Fuzzy Bunny Films (I)
788,G-BASE
789,GK Films
790,Gail Katz Productions
791,Galafilm Productions
792,Gary Sanchez Productions
793,Gaumont
794,Geetha Arts
795,Geffen Pictures
796,Gener8Xion Entertainment
797,Genre Films
798,George Films
799,George Litto Productions
800,Georgetown Productions Inc.
801,Ghost House Pictures
802,Ghoulardi Film Company
803,Gladden Entertainment
804,Global Road Entertainment
805,Go Films
806,Goalpost Pictures
807,Goddard Textiles
808,Golan-Globus Productions
809,Golar Productions
810,Gold Circle Films
811,GoldDay
812,Goldcrest Films International
813,Golden Harvest Company
814,Golden Way Films Ltd.
815,Goldwyn Films
816,Good Machine
817,Good Universe
818,Goodspeed Productions
819,Googly Films
820,Gordon Company
821,Gospel of John Ltd.
822,Gotham Entertainment Group
823,Gotham Group
824,GraceWorks Pictures
825,Gracie Films
826,Gramercy Pictures (I)
827,Gran Via
828,Granada Television
829,Grand Slam Productions
830,Gravier Productions
831,Great American Films Limited Partnership
832,Greater Productions
833,Green Hat Films
834,Green/Renzi
835,GreeneStreet Films
836,Greenery Studios
837,Greenleaf Productions
838,Greenwich Film Productions
839,Grisbi Productions
840,Groundswell Productions
841,Guardian Trust Company
842,Guild
843,Gulfstream Pictures
844,Gullane Pictures
845,Gurian Entertainment
846,Guys Upstairs
847,H.I.T. Films
848,HBO Films
849,HBO Pictures
850,Haarika & Hassine Creations
851,Haishang Films
852,Hal Roach Studios
853,Halestorm Entertainment
854,Halloween VI Productions
855,Hammer & Tongs
856,Hammerhead Productions
857,HanWay Films
858,HandMade Films
859,Handprint Entertainment
860,Hanna-Barbera Productions
861,Happy Madison Productions
862,Harbinger Media Partners
863,Hari Om Entertainment Company
864,Harold Robbins International Company
865,Harpo Films
866,Hart Sharp Entertainment
867,Hartbeat Productions
868,Harvest Filmworks
869,Hasbro
870,Haut et Court
871,Havoc
872,Hawn / Sylbert Movie Company
873,Haxan Films
874,Headline Pictures
875,Hearst Entertainment Productions
876,Hell's Kitchen Films
877,Helpern / Meltzer
878,Hemdale
879,Henson Associates (HA)
880,Herb Jaffe
881,Hero Productions
882,Heron Productions
883,Heyday Films
884,Hi-Rez Films
885,Hialeah Park Studios
886,Hickmar Productions
887,Hidden Empire Film Group
888,High School Sweethearts
889,Hill/Rosenman
890,Hollywood Licensing Group
891,Hollywood Pictures
892,Home Box Office (HBO)
893,Hoot Productions LLC
894,Hopscotch Features
895,House Row Productions
896,Houston King Productions
897,Huahua Media
898,Huayi Brothers
899,Huayi Brothers Media
900,Huayi Brothers Pictures
901,Hughes Entertainment
902,Hugo Productions
903,Hunter Killer Productions
904,Hunting Lane Films
905,Huntington Prep
906,Hurricane Films
907,Hurwitz Creative
908,Hyde Park Entertainment
909,Hyde Park Films
910,Hydraulx
911,Hyperion Pictures
912,IAC Films
913,IDG China Media
914,IFC Films
915,IFC Productions
916,IM Global
917,IMF Internationale Medien und Film GmbH & Co. 2. Produktions KG
918,IPC Films
919,ITC Films
920,Icon Entertainment International
921,Icon Productions
922,Iconoclast
923,Igloolik Isuma Productions Inc.
924,Illumination Entertainment
925,Image Comics
926,Image Organization
927,Imagi Animation Studios
928,Imagine Entertainment
929,Imagine Films Entertainment
930,Imperative Entertainment
931,Imperial Entertainment Corporation
932,In The Bag Productions
933,Incentive Filmed Entertainment
934,Incorporated Television Company (ITC)
935,Indian Paintbrush
936,Indieproduction
937,Indigo Film
938,IndustryWorks Pictures
939,Infinity Features Entertainment
940,Initial Entertainment Group (IEG)
941,Initial Pictures
942,Innovisions
943,Insurge Pictures
944,Intermedia Films
945,International Cinema
946,International Cinema Corporation (ICC)
947,International Film Investors
948,Interscope Communications
949,Intrepid Pictures
950,Iron Horse Entertainment (II)
951,Ironbark Films
952,Island Pictures
953,Island World
954,It's a Laugh Productions
955,Ivory Way Productions
956,Ixtlan
957,J&M Entertainment
958,JDI Productions
959,JF Productions
960,JLT Productions
961,JVC Entertainment Networks
962,Jack Giarraputo Productions
963,Jack Rollins & Charles H. Joffe Productions
964,"Jackson/McHenry Company,The"
965,Jaffe-Lansing
966,James Glickenhaus
967,Jasmine Productions Inc.
968,Jay Weston Productions
969,Jensen Farley Pictures
970,Jerry Bruckheimer Films
971,Jersey Films
972,Jet Tone Production
973,Jim Henson Pictures
974,John Wells Productions
975,Jolie Pas
976,Jon Shestack Productions
977,Joseph S. Vecchio Entertainment
978,Josephson Entertainment
979,Junebug Movie
980,Juno Pix
981,K5 International
982,Kang Je-Kyu Film Co. Ltd.
983,Kasdan Pictures
984,Katapult Film
985,Katsize Films
986,KatzSmith Productions
987,Keep Your Head
988,Kenio Films
989,Kennedy Miller Productions
990,Kevin Downes Productions
991,Keystone Family Pictures
992,Kiki's Delivery Service Production Committee
993,Killer Films
994,Kings Road Entertainment
995,Kingsgate Films
996,Kingsmere Properties
997,Kintop Pictures
998,Klasky-Csupo
999,Knock Films A.V.V.
1000,Kodiak Films
1001,Komplizen Film
1002,Konrad Pictures
1003,Kopelson Entertainment
1004,Kouf/Bigelow Productions
1005,Kramer & Sigman Films
1006,Krasnow Productions
1007,KrautPack Entertainment
1008,Krisjair
1009,Kudos Film and Television
1010,Kumbaya Productions Inc.
1011,Kurosawa Production Co.
1012,L.A. Films
1013,LBI Productions
1014,LD Entertainment
1015,LEGO System A/S
1016,LStar Capital
1017,Ladbroke
1018,Lakeshore Entertainment
1019,Lancaster Gate
1020,Lantica Media
1021,Laokoon Filmgroup
1022,Largo Entertainment
1023,Largo International N.V.
1024,Lascaux Films
1025,Last Holiday Productions
1026,Latina Pictures
1027,Laurence Mark Productions
1028,Laurenfilm
1029,Lava Bear Films
1030,Lawrence Gordon Productions
1031,Le
1032,Lee Daniels Entertainment
1033,Legend Production Company
1034,Legend3D
1035,Legendary East
1036,Legendary Entertainment
1037,Leisure Investment Company
1038,Les Armateurs
1039,Les Films Alain Sarde
1040,Les Films PellÃ©as
1041,Les Films des Tournelles
1042,Les Films du Fleuve
1043,Les Films du Losange
1044,Lewitt / Eberts Productions
1045,LightWave Entertainment
1046,LightWorkers Media
1047,Lightning Pictures
1048,Lightstorm Entertainment
1049,Lightyear Entertainment
1050,Likely Story
1051,Lion's Gate Films
1052,Lions Gate Entertainment
1053,Lions Gate Family Entertainment
1054,Lions Gate Films
1055,Lionsgate
1056,Little Stranger
1057,Little Tokyo Productions
1058,Live Entertainment
1059,LivePlanet
1060,Longview Entertainment
1061,Lorimar Film Entertainment
1062,Lorimar Motion Pictures
1063,Lorimar Productions
1064,Los Angeles Media Fund (LAMF)
1065,Lost Soul Productions
1066,Lucamar Productions
1067,Lucasfilm
1068,Lucasfilm Animation
1069,Lucille Ball Productions
1070,Lumiere Pictures
1071,LumiÃ¨re Pictures
1072,Lutzus-Brown
1073,Lynda Obst Productions
1074,LÃ©gende Films
1075,MDP Worldwide
1076,MFF Feature Film Productions
1077,MK2 Productions
1078,MPL Communications
1079,MTV Films
1080,MWM Studios
1081,Mac and Me Joint Venture
1082,Macari/Edelstein
1083,Mace Neufeld Productions
1084,MadGuy Films
1085,Madras Talkies
1086,Magnolia Filmproduktion
1087,Magnolia Pictures
1088,Magnum Pictures Inc.
1089,Major Studio Partners
1090,Malpaso Productions
1091,Manchester Pictures
1092,Mandalay Entertainment
1093,Mandalay Pictures
1094,Mandalay Vision
1095,Mandarin Films
1096,Mandate Pictures
1097,Mandeville Films
1098,Mann/Caan Productions
1099,Marcy Media
1100,Marked Entertainment
1101,Martin Chase Productions
1102,Marv Films
1103,Marvel Enterprises
1104,Marvel Entertainment
1105,Marvel Studios
1106,Matchbox Pictures
1107,Material
1108,Matt Tolmach Productions
1109,Matten Productions
1110,Max Films Productions
1111,Mayfair Entertainment International
1112,Mayhem Pictures
1113,McFarlane Films
1114,Media 8 Entertainment
1115,Media Rights Capital (MRC)
1116,Mediapro
1117,Mediaset EspaÃ±a
1118,Medusa Film
1119,Melampo Cinematografica
1120,Melenny Productions
1121,Melvin Simon Productions
1122,Memento Films Production
1123,Memfis Film
1124,Merchant Ivory Productions
1125,Metanoia Films
1126,Metro-Goldwyn-Mayer (MGM)
1127,Midwinter Productions Inc.
1128,Milkshake Films
1129,Millenium
1130,Millennium Films
1131,Mimran Schur Pictures
1132,Minds Eye Entertainment
1133,Ministerio da Cultura
1134,Mirage Enterprises
1135,Miramax
1136,Mobra Films
1137,Mockingbird Pictures
1138,Monarch Pictures
1139,Mongrel Media
1140,Monkeypaw Productions
1141,Monsterfoot Productions
1142,Mooz Films
1143,Morgan Creek Entertainment
1144,Morra
1145,Mort Engelberg Productions
1146,Mosaic Media Group
1147,Motion Picture Corporation of America (MPCA)
1148,MovieRoom Productions
1149,Movision
1150,Mpower American Carol Holding
1151,Mukta Arts
1152,Mulberry Square Productions
1153,Mulholland Productions
1154,Mundy Lane Entertainment
1155,Muse Productions
1156,Mutual Film Company
1157,Myriad Pictures
1158,Mystery Clock Cinema
1159,N-Secure Films
1160,NALA Films
1161,NBC Productions
1162,NDF International
1163,NFH Productions
1164,NOW Productions
1165,NPV Entertainment
1166,NVSH Productions
1167,Narrow Bridge Films
1168,Natant
1169,National Film Board of Canada (NFB)
1170,National Lampoon
1171,Neddy Dean Productions
1172,Nelson Entertainment
1173,Nelvana
1174,Nest Family Entertainment
1175,New Century Entertainment
1176,New Century Entertainment Corporation
1177,New Deal Productions
1178,New Horizons Picture
1179,New Line Cinema
1180,New Regency Pictures
1181,New Sky Communications Inc.
1182,New Song Pictures
1183,New Visions
1184,New World Pictures
1185,Newmarket Capital Group
1186,Next Entertainment
1187,Next Entertainment World
1188,Nicolas Entertainment
1189,Night Life Inc.
1190,Night and Day Pictures
1191,Nimbus Film Productions
1192,Nine Yards Two Productions
1193,No Frills Film Production
1194,No Trace Camping
1195,Nord-Ouest Films
1196,Norman Twain Productions
1197,Northern Lights Entertainment
1198,Northern Lights Films
1199,Nova International Films
1200,NoÃ© Productions
1201,Number 9 Films
1202,Nuyorican Productions
1203,O Entertainment
1204,O2 Filmes
1205,OLC / Rights Entertainment
1206,Occupant Entertainment
1207,October Films
1208,Odeon Films
1209,Odyssey
1210,Odyssey Entertainment
1211,Off Line Entertainment Group
1212,Old is New
1213,Olmos Productions
1214,Olympus Pictures
1215,Omega Entertainment
1216,Omnilab Media
1217,One Way Productions
1218,Onyx Films
1219,Open City Films
1220,Open Road Films
1221,Open Road Films (II)
1222,Opus Film
1223,Oriental Light and Magic (OLM)
1224,Origin Pictures
1225,Orion Pictures
1226,Oscilloscope
1227,Osterman Weekend Associates
1228,Out of the Blue... Entertainment
1229,Outlaw Productions (I)
1230,Overbrook Entertainment
1231,Overnight Films
1232,Overture Films
1233,P2 Productions
1234,PVM Entertainment
1235,Pacific Western
1236,Palace Pictures
1237,PalmStar Media
1238,Pan Arts
1239,Pandora Cinema
1240,Pandora Filmproduktion
1241,Panorama Films
1242,Pantelion Films
1243,Papazian-Hirsch Entertainment International
1244,Paper Street Films
1245,Paragon Arts International
1246,Parallel Entertainment Pictures
1247,Paramount Animation
1248,Paramount Classics
1249,Paramount Pictures
1250,Paramount Players
1251,Paramount Vantage
1252,Paris Entretenimento
1253,Parkes/Lasker productions
1254,Parkway Productions
1255,Participant
1256,Partisan Productions
1257,Partizan Films
1258,Parts and Labor
1259,PathÃ©
1260,PathÃ© Entertainment
1261,PathÃ© Pictures
1262,PathÃ© Pictures International
1263,PathÃ© Renn Productions
1264,Paulilu Productions
1265,Pelican Productions LLC (I)
1266,Penta Entertainment
1267,Penta Films
1268,Penta Pictures
1269,Perfect World Pictures
1270,Permut Presentations
1271,Peters Entertainment
1272,PfH Ltd.
1273,Phillips Whitehouse Productions
1274,Phoenix Pictures
1275,Picture Securities
1276,Picturehouse
1277,Pixar Animation Studios
1278,Plan B Entertainment
1279,Planet Productions
1280,Play It Inc.
1281,Playhouse International Pictures
1282,Playtone
1283,Plunge Pictures LLC
1284,Po' Boy Productions
1285,Point Grey Pictures
1286,Polar Entertainment
1287,PolyGram Filmed Entertainment
1288,PolyGram Pictures
1289,Polygram Filmed Entertainment
1290,Polygram Pictures
1291,Pop Pop Productions
1292,Porchlight Films
1293,Portman Entertainment Group
1294,Possibility Pictures
1295,Prana Studios
1296,Pressman Productions
1297,Price Entertainment
1298,Primate Pictures
1299,Prime Film Productions LLC
1300,Producers Representative Organization
1301,Producers Sales Organization (PSO)
1302,Prominent Features
1303,Propaganda Films
1304,Prospect Park
1305,Provident Films
1306,Prufrock Pictures
1307,Pt. Merantau Films
1308,Punch 21 Productions
1309,Pure Flix Entertainment
1310,Pure Flix Productions
1311,Purple Rose Productions
1312,Pyramania
1313,Pyramide Productions
1314,Q Productions
1315,Quad Productions
1316,Quaker Media
1317,Quat'sous Films
1318,Quinta Communications
1319,R&R Films
1320,R.P. Productions
1321,RCR Media Group
1322,RGM NewBreed
1323,RKO Pictures
1324,Raffaella De Laurentiis Productions
1325,Rai Cinema
1326,Raindog Films
1327,Rainforest Films
1328,Rajshri Productions
1329,Rankin/Bass Productions
1330,Rastar Films
1331,Rastar Pictures
1332,Rastar Productions
1333,RatPac-Dune Entertainment
1334,Recorded Picture Company (RPC)
1335,Red Chillies Entertainment
1336,Red Crown Productions
1337,Red Granite Pictures
1338,Red Hour Films
1339,Redchillies.VFX
1340,Redwave Films
1341,Reel FX Creative Studios
1342,Reel Life Production
1343,Refugee Films
1344,Regency Enterprises
1345,Relativity Media
1346,Remstar Productions
1347,Renaissance Films
1348,Renaissance Pictures
1349,Renn Productions
1350,Rent Productions LLC
1351,Reprisal Films
1352,Reteitalia
1353,Reverie Entertainment
1354,Revolution Studios
1355,Rhombus Media
1356,Richmond Light Horse Productions
1357,Rickshaw Productions
1358,Riddick Canada Productions
1359,Rifkin-Eberts
1360,Rimfire Films
1361,River Road Entertainment
1362,River Road Productions
1363,RiverRain Productions
1364,Road Movies Filmproduktion
1365,Roadside Attractions
1366,Robert Simonds Productions
1367,Rocklin/Faust
1368,Rogue
1369,Rogue Pictures
1370,Room 9 Entertainment
1371,Rooster Teeth Productions
1372,Roth Films
1373,Route One Entertainment
1374,Ruby Films
1375,Rumbalara Films
1376,Rysher Entertainment
1377,SBS Productions
1378,SLM Production Group
1379,SModcast Pictures
1380,STX Entertainment
1381,STX Films
1382,Saban Entertainment
1383,Sahamongkolfilm Co.
1384,Sailor Bear
1385,Salon Pictures
1386,Samson Productions Pty. Ltd.
1387,Samuel Goldwyn Films
1388,Samuels Media
1389,Samuelson Productions
1390,Sandollar Productions
1391,Saturn Films
1392,Savoy Pictures
1393,Scion Films
1394,Scott Free Productions
1395,Scott Rudin Productions
1396,Screen Australia
1397,Screen Gems
1398,Seagal/Nasso Productions
1399,Sean Daniel Company
1400,Sean S. Cunningham Films
1401,See-Saw Films
1402,SenArt Films
1403,Seraphim Films
1404,Serendipity Point Films
1405,Seven Arts Pictures
1406,ShadowCatcher Entertainment
1407,Shanghai Film Studios
1408,Shangri-La Entertainment
1409,Shapiro-Glickenhaus Entertainment
1410,SharpSword Films
1411,Sheinberg Productions
1412,Shin Corporation
1413,ShivHans Pictures
1414,Shocking Bottle
1415,Shut Up and Sing LLC
1416,Sidney Kimmel Entertainment
1417,Sikhya Entertainment
1418,Silver Pictures
1419,Silver Screen Partners III
1420,Silver Screen Partners IV
1421,Silver Sphere Corporation
1422,Simcom Limited
1423,Simka Entertainment
1424,Siriol Productions
1425,Sixty-Six Pictures
1426,Skydance Media
1427,Skyewiay
1428,Slough Pond
1429,Snoot Entertainment
1430,SnowPiercer
1431,Sogepaq
1432,Solana Films
1433,Sony Pictures Animation
1434,Sony Pictures Classics
1435,Sony Pictures Entertainment (SPE)
1436,South Pacific Pictures
1437,Space Rocket Nation
1438,Spacegate Productions
1439,Spanky Pictures
1440,Spectacle Entertainment Group
1441,SpectreVision
1442,Spinal Tap Prod.
1443,Sports Studio
1444,Spyglass Entertainment
1445,Stage 6 Films
1446,Starling Films
1447,Steinberg and Tenenbaum Entertainment (MBST)
1448,Steve White Productions
1449,Stone Group Pictures
1450,Stonelock Pictures
1451,Stoney Lake Entertainment
1452,Stratus Film Co.
1453,Strike Entertainment
1454,Strong Heart/Demme Production
1455,Studio 37
1456,Studio 8
1457,Studio Ghibli
1458,Studio Trite
1459,StudioCanal
1460,Suburban Pictures
1461,Summertime Entertainment (II)
1462,Summit Entertainment
1463,Summit Premiere
1464,Sunbow Productions
1465,Sunn Classic Pictures
1466,Sunset Gower Studios
1467,Swanford Films
1468,Sweet Tea Pictures LLC
1469,Sweetland Films
1470,Sycamore Pictures
1471,Syncopy
1472,TAFT Entertainment Pictures
1473,THINKFilm
1474,TMS Entertainment
1475,TSG Entertainment
1476,Tag Entertainment
1477,Tales From The Crypt Holdings
1478,TaliaFilm II Productions
1479,Tapestry Films
1480,Tartan Productions
1481,Temple Hill Entertainment
1482,Ten Furlongs
1483,Ternion Pictures
1484,The American Film Company
1485,The Australian Film Finance Corporation
1486,The Cannon Group
1487,The Family Stone
1488,The Geffen Company
1489,The Guber-Peters Company
1490,The Halcyon Company
1491,The Ink Factory
1492,The Ladd Company
1493,The Malpaso Company
1494,The Mark Gordon Company
1495,The Mount Company
1496,The Movie Group
1497,The Rank Organisation
1498,The Samuel Goldwyn Company
1499,The Saul Zaentz Company
1500,The Tyler Perry Company
1501,The UK Film & TV Production Company PLC
1502,The Ultimate Life
1503,The Weinstein Company
1504,The Zanuck Company
1505,Thelma Films
1506,Thin Man Films
1507,This Is That Productions
1508,Thorn EMI Screen Entertainment
1509,Tiberius Film Productions
1510,Tig Productions
1511,Tim Burton Productions
1512,Toei Company
1513,Toho Company
1514,Tokuma Japan Communications
1515,Tokuma Shoten
1516,Tomboy Films
1517,Tommy 2.0 LLC
1518,Tomson Films
1519,Tonic Films
1520,Tonik Productions
1521,Too Askew Prod. Inc.
1522,ToonBox Entertainment
1523,Tornasol Films
1524,Total Recall
1525,Touchstone Pictures
1526,Touchwood Pacific Partners 1
1527,Toy Fight Productions
1528,Toy Gun Films
1529,Trancas International Films
1530,Translux
1531,Treehouse Pictures
1532,TriStar Pictures
1533,TriStar Television
1534,Tribeca Productions
1535,Trimark Pictures
1536,Triple Horse Studios
1537,Triumph Films
1538,Truth Entertainment (II)
1539,TrÃ©sor Films
1540,Turner Pictures (I)
1541,Twentieth Century Fox
1542,Twentieth Century Fox Animation
1543,Twisted Pictures
1544,Two Ton Films
1545,UGC YM
1546,UK Film Council
1547,USA Films
1548,UTV Motion Pictures
1549,UV Creations
1550,Umbrella-Rosenblum Films Production
1551,Underclassman Films Ltd.
1552,Unison Films
1553,United Artists
1554,United Artists Film Corporation
1555,United Artists Pictures
1556,United Film Distribution Company (UFDC)
1557,Unity Productions
1558,Universal 1440 Entertainment
1559,Universal City Studios
1560,Universal Pictures
1561,Universal Pictures International (UPI)
1562,Unplanned Movie
1563,Utopia Films
1564,Vanguard Films and Animation
1565,Vega Film
1566,Vegahom Europe
1567,Verdi Productions
1568,Vertigo
1569,Victoires International
1570,Victor & Grais
1571,Victor Company of Japan (JVC)
1572,Videovision Entertainment
1573,View Askew Productions
1574,Village Roadshow Pictures
1575,Vincent Pictures
1576,Vinod Chopra Productions
1577,Visible Pictures(II)
1578,Vision PDG
1579,Visiona Romantica
1580,Vista Organization
1581,Vivendi Entertainment
1582,Voltage Pictures
1583,Votiv Films
1584,WIP
1585,Walden Media
1586,Walt Disney Animation Studios
1587,Walt Disney Pictures
1588,Walt Disney Productions
1589,WarParty Films
1590,Warner Animation Group
1591,Warner Bros.
1592,Warner Bros. Animation
1593,Warner Bros. Digital Distribution
1594,Warner Bros. Family Entertainment
1595,Warner Bros. Pictures
1596,Warner Independent Pictures (WIP)
1597,Waverly Films
1598,Weintraub Entertainment Group
1599,Westerly Films
1600,White Eagle
1601,White Lair
1602,Who Knew Productions
1603,Why Not Productions
1604,Wiedemann & Berg Filmproduktion
1605,Wild Bunch
1606,Wildgaze Films
1607,Will Packer Productions
1608,WingNut Films
1609,Winkler Films
1610,Winwood Productions
1611,Working Title Films
1612,World Film Services
1613,World Wrestling Entertainment (WWE)
1614,Worldview Entertainment
1615,X-Filme Creative Pool
1616,Yari Film Group Releasing
1617,Yash Raj Films
1618,Yellow Bird
1619,Young Hannibal Productions
1620,Young Sung Production Co.
1621,Zacharias-Buhai Productions
1622,Zanuck/Brown Productions
1623,Zentropa Entertainments
1624,Zentropa Productions
1625,Zion Films
1626,Zoetrope Studios
1627,Zone 3
1628,Zucker Brothers Productions
1629,double A Films
1630,i am OTHER
1631,i5 Films
1632,micro_scope
1633,nWave Pictures
1634,thefyzz
