,writer
0,'A.J.' Marriot
1,'Weird Al' Yankovic
2,A.A. Milne
3,A.B. 'Banjo' Paterson
4,A.E.W. Mason
5,A.J. Quinnell
6,A.N. Balakrishnan
7,A.R. Murugadoss
8,A.S. Byatt
9,Aaron Covington
10,Aaron Guzikowski
11,Aaron Horvath
12,Aaron Kandell
13,Aaron Latham
14,Aaron Norris
15,Aaron Seltzer
16,Aaron Sorkin
17,Aaron Stewart-Ahn
18,Aaron Stockard
19,Aaron Strongoni
20,Aash Karan Atal
21,Abbas Kiarostami
22,Abbe Wool
23,Abby Johnson
24,Abby Kohn
25,Abdellatif Kechiche
26,Abdul Williams
27,Abel Ferrara
28,Abhijat Joshi
29,Abhinav Kashyap
30,Abhiruchi Chand
31,Abi Morgan
32,Achim von Borries
33,Adam Alleca
34,Adam Brooks
35,Adam Cooper
36,Adam Cozad
37,Adam De La Peña
38,Adam Ellison
39,Adam F. Goldberg
40,Adam Fields
41,Adam Friedman
42,Adam Greenman
43,Adam Herz
44,Adam Horowitz
45,Adam J. Braff
46,Adam Jay Epstein
47,Adam Larson Broder
48,Adam Leff
49,Adam Marcus
50,Adam McKay
51,Adam Mervis
52,Adam Pava
53,Adam Resnick
54,Adam Rifkin
55,Adam Sandler
56,Adam Scheinman
57,Adam Simon
58,Adam Small
59,Adam Sussman
60,Adam Sztykiel
61,Adele Lim
62,Adi Hasak
63,Aditya Chopra
64,Aditya Dhar
65,Adolf Burger
66,Adrian Butchart
67,Adrian Hodges
68,Adrienne Shelly
69,Agatha Christie
70,Ahmet Zappa
71,Aimee Lagos
72,Akira Kurosawa
73,Akira Toriyama
74,Akiva Goldsman
75,Akiva Schaffer
76,Akiyoshi Hongo
77,Akosua Busia
78,Al Gomez
79,Al Reinert
80,Al Ruddy
81,Al Williams
82,Alain Boublil
83,Alain Godard
84,Alan B. McElroy
85,Alan Ball
86,Alan Bennett
87,Alan Burnett
88,Alan Caillou
89,Alan DiFiore
90,Alan Freedland
91,Alan Glynn
92,Alan J. Pakula
93,Alan Mak
94,Alan Martin
95,Alan Moore
96,Alan Ormsby
97,Alan Parker
98,Alan R. Cohen
99,Alan Rudolph
100,Alan Schoolcraft
101,Alan Shapiro
102,Alan Sharp
103,Alan Trustman
104,Alan Zweibel
105,Alastair Siddons
106,Albert Brooks
107,Albert Hackett
108,Albert Hughes
109,Albert Magnoli
110,Albert Pyun
111,Albert Uderzo
112,Alec Berg
113,Alec Sokolow
114,Alec Sulkin
115,Alejandro Amenábar
116,Alejandro G. Iñárritu
117,Alejandro Monteverde
118,Alessandro Baricco
119,Alessandro Camon
120,Alessandro Fabbri
121,Alessandro Tanaka
122,Alex Cox
123,Alex Flinn
124,Alex Garland
125,Alex Haley
126,Alex Kendrick
127,Alex Kurtzman
128,Alex Lasker
129,Alex Litvak
130,Alex Proyas
131,Alex Rubens
132,Alex Theurer
133,Alex Tse
134,Alex von Tunzelmann
135,Alexander Payne
136,Alexandra Bracken
137,Alexandra Rose
138,Alexandra Seros
139,Alexandre Aja
140,Alexandre Dumas
141,Alexandre Rockwell
142,Alexi Kaye Campbell
143,Alexis Nolent
144,Alfonso Cuarón
145,Alfred Cheung
146,Alfred Gough
147,Alfred Uhry
148,Ali Abbas Zafar
149,Ali LeRoi
150,Ali Selim
151,Alice Arlen
152,Alice Birch
153,Alice Hoffman
154,Alice Liddle
155,Alice Munro
156,Alice Vial
157,Alice Walker
158,Aline Brosh McKenna
159,Alison Peck
160,Allan Heinberg
161,Allan Knee
162,Allan Loeb
163,Allen Covert
164,Allen Hughes
165,Allison Anders
166,Allison Burnett
167,Allison Pearson
168,Allison Schroeder
169,Allyn Warner
170,Alonzo Brown
171,Alvin Sargent
172,Amanda Brody
173,Amanda Brown
174,Amanda Silver
175,Amrik Gill
176,Amy Andelson
177,Amy Harris
178,Amy Heckerling
179,Amy Holden Jones
180,Amy Jump
181,Amy Robinson
182,Amy Schor Ferris
183,Amy Schumer
184,Amy Tan
185,Analisa LaBianco
186,Anders Thomas Jensen
187,Andre Dubus
188,Andre Dubus III
189,Andre Fabrizio
190,Andrea Berloff
191,Andrea Gyertson Nasfell
192,Andrea Seigel
193,Andres Heinz
194,Andrew Adamson
195,Andrew Anastasios
196,Andrew Bergman
197,Andrew Birkin
198,Andrew Bovell
199,Andrew Cockburn
200,Andrew Cosby
201,Andrew Davies
202,Andrew Davis
203,Andrew Deutschman
204,Andrew Dodge
205,Andrew Dominik
206,Andrew Fleming
207,Andrew Gurland
208,Andrew Hodges
209,Andrew Hyatt
210,Andrew Jay Cohen
211,Andrew Kevin Walker
212,Andrew Klavan
213,Andrew Knauer
214,Andrew Knight
215,Andrew Kurtzman
216,Andrew Lane
217,Andrew Lanham
218,Andrew Lloyd Webber
219,Andrew Logan
220,Andrew Lowery
221,Andrew Miller
222,Andrew Neiderman
223,Andrew Niccol
224,Andrew Scheinman
225,Andrew Smith
226,Andrew Solt
227,Andrew Stanton
228,Andrew Steele
229,Andrew Stern
230,Andrew W. Marlowe
231,Andrew Wight
232,André Aciman
233,André Cayatte
234,André Ducharme
235,André Nemec
236,André P. Brink
237,Andy Bienen
238,Andy Breckman
239,Andy Burg
240,Andy Hedden
241,Andy Heyward
242,Andy Muschietti
243,Andy Paterson
244,Andy Riley
245,Andy Rose
246,Andy Ruben
247,Andy Samberg
248,Andy Stock
249,Andy Tennant
250,Andy Weir
251,Andy Weiss
252,Anees Bazmee
253,Aneesh Chaganty
254,Ang Lee
255,Angela Carter
256,Angela Shelton
257,Angela Sommer-Bodenburg
258,Angela Workman
259,Angelo Pizzo
260,Angie Thomas
261,Angus MacLachlan
262,Ann Biderman
263,Ann Brashares
264,Ann M. Martin
265,Ann Peacock
266,Anna Boden
267,Anna Hamilton Phelan
268,Anna Leonowens
269,Anna Quindlen
270,Anna Thomas
271,Anna Waterhouse
272,Anne Fine
273,Anne Fontaine
274,Anne Holden
275,Anne Piper
276,Anne Rapp
277,Anne Rice
278,Anne Rosellini
279,Anne Spielberg
280,Anne Vince
281,Anne-Marie Martin
282,Annie Mumolo
283,Annie Proulx
284,Anthony Abrams
285,Anthony Bagarozzi
286,Anthony Bodden
287,Anthony Hines
288,Anthony Jaswinski
289,Anthony McCarten
290,Anthony Minghella
291,Anthony Peckham
292,Anthony Sadler
293,Anthony Shaffer
294,Anthony Swofford
295,Anthony Tambakis
296,Anthony Waller
297,Anthony Yerkovich
298,Antoinette Terry Bryant
299,Antonio Skármeta
300,Antony Johnston
301,Antwone Fisher
302,Anurag Basu
303,Anurag Kashyap
304,Anvita Dutt
305,Anya Kochoff
306,April Blair
307,April Wolfe
308,Ari Aster
309,Ari Handel
310,Ari Schlossberg
311,Arianna Huffington
312,Ariel Dorfman
313,Ariel Shaffir
314,Ariel Vromen
315,Arif Aliev
316,Arijit Biswas
317,Arleen Sorkin
318,Arlene Gibbs
319,Arlene Klasky
320,Arlene Sarner
321,Armando Iannucci
322,Armistead Maupin
323,Arnaldur Indriðason
324,Arne Olsen
325,Arne Schmidt
326,Arne Sultan
327,Arnold Schulman
328,Art D'Alessandro
329,Art Linson
330,Art Marcum
331,Art Monterastelli
332,Arthur C. Clarke
333,Arthur Conan Doyle
334,Arthur Golden
335,Arthur Miller
336,Arthur Rankin Jr.
337,Arthur Silver
338,Arturo Pérez-Reverte
339,Asghar Farhadi
340,Ash Brannon
341,Ashleigh Powell
342,Ashley Miller
343,Ashley Smith
344,Astrid Lindgren
345,Athol Fugard
346,Atom Egoyan
347,Aubrey K. Rattan
348,Audrey Niffenegger
349,Audrey Wells
350,August Wilson
351,Auguste Le Breton
352,Augusten Burroughs
353,Austin Wright
354,Ava Ostern Fries
355,Avi Kleinberger
356,Ayub Khan-Din
357,Aída Bortnik
358,B. Kline
359,B.J. Nelson
360,Babaloo Mandel
361,Bahareh Azimi
362,Barbara Alberti
363,Barbara Benedek
364,Barbara Curry
365,Barbara Marshall
366,Barbara Muschietti
367,Barbara Shulgasser
368,Barbara Turner
369,Barbra Streisand
370,Bari Wood
371,Barry Fanaro
372,Barry Gifford
373,Barry Jenkins
374,Barry L. Levy
375,Barry Levinson
376,Barry Longyear
377,Barry Michael Cooper
378,Barry Morrow
379,Barry O'Brien
380,Barry Reed
381,Barry Schneider
382,Barry Strugatz
383,Barry W. Blaustein
384,Barry Wong
385,Bart Baker
386,Bart De Pauw
387,Bart Freundlich
388,Bart Gavigan
389,Bart Millard
390,Basharat Peer
391,Bayard Johnson
392,Baz Luhrmann
393,Beau Bauman
394,Beau Thorne
395,Beau Willimon
396,Becky Albertalli
397,Becky Johnston
398,Belinda Haas
399,Ben Affleck
400,Ben Best
401,Ben Chandler
402,Ben Coccio
403,Ben East
404,Ben Falcone
405,Ben Fountain
406,Ben Hecht
407,Ben Hernandez Bray
408,Ben Ketai
409,Ben Lewin
410,Ben Livingston
411,Ben Mezrich
412,Ben Queen
413,Ben Ramsey
414,Ben Ripley
415,Ben Roberts
416,Ben Stiller
417,Ben Wheatley
418,Ben York Jones
419,Ben Younger
420,Ben Zazove
421,Ben Zook
422,Benedict Fitzgerald
423,Benh Zeitlin
424,Benjamin August
425,Benjamin Legrand
426,Benji Samit
427,Bennett Davlin
428,Bennett Yellin
429,Benny Medina
430,Benoît Graffin
431,Bernard Edelman
432,Bernard Malamud
433,Bernard Rose
434,Bernard Slade
435,Bernardo Bertolucci
436,Bernd Eichinger
437,Bernd Lichtenberg
438,Bernhard Schlink
439,Bernie Kukoff
440,Bero Beyer
441,Bert V. Royal
442,Beth Henley
443,Beth Rigazio
444,Bethany Ashton Wolf
445,Beto Gómez
446,Betsy Giffen Nowrasteh
447,Betsy Stahl
448,Bettina Gilois
449,Beverley Cross
450,Beverly D'Onofrio
451,Bibi Naceri
452,Bill Apablasa
453,Bill Baer
454,Bill Bryden
455,Bill Collage
456,Bill Condon
457,Bill Corbett
458,Bill Cosby
459,Bill Dubuque
460,Bill Ewing
461,Bill Forsyth
462,Bill Geddie
463,Bill Holderman
464,Bill Kelly
465,Bill Lancaster
466,Bill Lishman
467,Bill Marsilii
468,Bill Martin
469,Bill Naughton
470,Bill Norton
471,Bill Phillips
472,Bill Raden
473,Bill Richmond
474,Bill Rubenstein
475,Bill Steinkellner
476,Bille August
477,Billy Bob Thornton
478,Billy Crystal
479,Billy Frolick
480,Billy MacKinnon
481,Billy Ray
482,Billy Wilder
483,Bin Wang
484,Blair Butler
485,Blair Cobbs
486,Blair Richwood
487,Blake Edwards
488,Blake Masters
489,Blake Morrison
490,Blake Snyder
491,Blake T. Evans
492,Blaze Starr
493,Bo Burnham
494,Bo Goldman
495,Bo Zenga
496,Boaz Yakin
497,Bob Barlen
498,Bob Burden
499,Bob Clark
500,Bob DeRosa
501,Bob Dolman
502,Bob Ducsay
503,Bob Fisher
504,Bob Forward
505,Bob Fosse
506,Bob Gale
507,Bob Israel
508,Bob Kachler
509,Bob Kane
510,Bob Logan
511,Bob Mosher
512,Bob Nelson
513,Bob Persichetti
514,Bob Peterson
515,Bob Rafelson
516,Bob Schooley
517,Bob Tzudiker
518,Bobbie Ann Mason
519,Bobby Farrelly
520,Bobby Smith Jr.
521,Bong Joon Ho
522,Bonnie Hunt
523,Boots Riley
524,Brad Anderson
525,Brad Bird
526,Brad Gann
527,Brad Ingelsby
528,Brad Kaaya
529,Brad Mirman
530,Brad Riddell
531,Brad Silberling
532,Bradford Lewis
533,Bradley Allenstein
534,Bradley Cooper
535,Bragi F. Schut
536,Bram Stoker
537,Brandon Boyce
538,Brandon Broussard
539,Brandon Camp
540,Brenda Chapman
541,Brendan Hood
542,Brendan McCarthy
543,Brendan O'Brien
544,Brent Goldberg
545,Brent Hanley
546,Brent Maddock
547,Brent McCorkle
548,Brent Monahan
549,Brent Simons
550,Bret Easton Ellis
551,Brett Haley
552,Brett Halliday
553,Brett Leonard
554,Brian Aldiss
555,Brian Azzarello
556,Brian Baugh
557,Brian Bird
558,Brian Bloom
559,Brian Bolland
560,Brian Brightly
561,Brian Burns
562,Brian Clark
563,Brian Clemens
564,Brian Dannelly
565,Brian De Palma
566,Brian Doyle-Murray
567,Brian Duffield
568,Brian Fee
569,Brian Garfield
570,Brian Gatewood
571,Brian Grazer
572,Brian Gunn
573,Brian Hayes Currie
574,Brian Helgeland
575,Brian Hohlfeld
576,Brian Kehoe
577,Brian Klugman
578,Brian Koppelman
579,Brian Lynch
580,Brian Miller
581,Brian Nelson
582,Brian Nissen
583,Brian Patrick O'Toole
584,Brian Peterson
585,Brian Reindl
586,Brian Robbins
587,Brian Schulman
588,Brian Selznick
589,Brian Sieve
590,Brian Taggert
591,Brian Taylor
592,Brian Tucker
593,Brian Ward
594,Brian Yuzna
595,Bridget O'Connor
596,Brin Hill
597,Brit Marling
598,Britt Allcroft
599,Brock Yates
600,Brooks Arthur
601,Bruce A. Evans
602,Bruce A. Taylor
603,Bruce Cook
604,Bruce Feirstein
605,Bruce Geller
606,Bruce Graham
607,Bruce Jay Friedman
608,Bruce Joel Rubin
609,Bruce Kimmel
610,Bruce Leddy
611,Bruce Porter
612,Bruce Robinson
613,Bruce Wagner
614,Bruce Willis
615,Bryan Barber
616,Bryan Bertino
617,Bryan Goluboff
618,Bryan McCann
619,Bryan Schulz
620,Bryan Singer
621,Bryan Sipe
622,Bryan Woods
623,Bráulio Mantovani
624,Buck Henry
625,Buddy Ruskin
626,Burk Sharpless
627,Burnie Burns
628,Burr Steers
629,Buzz Bissinger
630,Byron Howard
631,Byron Willinger
632,C. Courtney Joyner
633,C. Gaby Mitchell
634,C. Jay Cox
635,C. Robert Cargill
636,C.D. Payne
637,Cal Brunker
638,Calder Willingham
639,Caleb Wilson
640,Caliope Brattlestreet
641,Callie Khouri
642,Cameron Crowe
643,Camille Thomasson
644,Candace Bushnell
645,Candace Lee
646,Captain Mauzner
647,Carey Van Dyke
648,Carey W. Hayes
649,Carl Binder
650,Carl Ellsworth
651,Carl Franklin
652,Carl Hiaasen
653,Carl Kurlander
654,Carl Reiner
655,Carl V. Dupré
656,Carlo Bernard
657,Carlo Carlei
658,Carlos Cuarón
659,Carlos Davis
660,Carlos Ezquerra
661,Carlos Fuentes
662,Carlos Grangel
663,Carlos Kotkin
664,Carlos Saldanha
665,Carlos Saura
666,Carlton Cuse
667,Carol Doyle
668,Carol Fuchs
669,Carol Heikkinen
670,Carol Sobieski
671,Carol Watson
672,Carole Eastman
673,Carole Whang Schutter
674,Caroline Eliacheff
675,Caroline Link
676,Caroline Thompson
677,Carolyn Lefcourt
678,Carrie Fisher
679,Carrie Lee Wilson
680,Carroll Cartwright
681,Carter Crocker
682,Cary Joji Fukunaga
683,Cary Solomon
684,Casey T. Mitchell
685,Casey Wilson
686,Caspian Tredwell-Owen
687,Cassandra Clare
688,Catalina Aguilar Mastretta
689,Catherine Cyran
690,Catherine Hardwicke
691,Catherine Johnson
692,Catherine Ryan Hyde
693,Cathleen Schine
694,Cathryn Michon
695,Cathy Cash Spellman
696,Cathy Yuspa
697,Chad Feehan
698,Chad Gomez Creasey
699,Chad Hayes
700,Chad Hodge
701,Chad St. John
702,Chantal Cadieux
703,Chap Taylor
704,Charles Addams
705,Charles B. Wessler
706,Charles Beaumont
707,Charles Belden
708,Charles Binamé
709,Charles Bukowski
710,Charles Burnett
711,Charles Chaplin
712,Charles Crichton
713,Charles Dennis
714,Charles Dickens
715,Charles Edward Pogue
716,Charles F. Bohl
717,Charles Finch
718,Charles Frazier
719,Charles Fuller
720,Charles G. Booth
721,Charles Gieg Jr.
722,Charles Kipps
723,Charles Leavitt
724,Charles MacArthur
725,Charles Martin Smith
726,Charles McCarry
727,Charles McKeown
728,Charles Perrault
729,Charles Randolph
730,Charles Robert Carner
731,Charles S. Haas
732,Charles Shyer
733,Charles Williams
734,Charley Parlapanides
735,Charlie Bean
736,Charlie Coffey
737,Charlie Fletcher
738,Charlie Kaufman
739,Charlie Murphy
740,Charlie Peters
741,Charlie Wachtel
742,Chase Palmer
743,Chauncey G. Parker III
744,Chazz Palminteri
745,Cheech Marin
746,Cheo Hodari Coker
747,Cheol-Hong Jeon
748,Cherie Currie
749,Cheryl Edwards
750,Cheryl L. West
751,Cheryl McKay
752,Cheryl Strayed
753,Chesley Sullenberger
754,Chester Gould
755,Chester Himes
756,Cheston Hervey
757,Chi Muoi Lo
758,Chia-Lu Chang
759,Chip Proser
760,Choderlos de Laclos
761,Chris Bergoch
762,Chris Bowman
763,Chris Brancato
764,Chris Butler
765,Chris Carter
766,Chris Columbus
767,Chris Conrad
768,Chris Conroy
769,Chris D'Arienzo
770,Chris Denk
771,Chris Fuhrman
772,Chris Gerolmo
773,Chris Hauty
774,Chris Henchy
775,Chris Hudson
776,Chris Kentis
777,Chris Kyle
778,Chris Lofing
779,Chris Marker
780,Chris Matheson
781,Chris McKenna
782,Chris Miller
783,Chris Morgan
784,Chris Parker
785,Chris Provenzano
786,Chris Radant
787,Chris Roberts
788,Chris Rock
789,Chris Sanders
790,Chris Soth
791,Chris Spain
792,Chris Sparling
793,Chris Stokes
794,Chris Terrio
795,Chris Van Allsburg
796,Chris Viscardi
797,Chris Warner
798,Chris Weitz
799,Chris Williams
800,Christian Carion
801,Christian Clavier
802,Christian Ford
803,Christian Gudegast
804,Christian Swegal
805,Christianna Brand
806,Christie Taylor
807,Christina Crawford
808,Christina Hodson
809,Christina Welsh
810,Christine Bell
811,Christine Leunens
812,Christine Olsen
813,Christine Roum
814,Christopher Bertolini
815,Christopher Borrelli
816,Christopher Bram
817,Christopher Browne
818,Christopher Buckley
819,Christopher Cain
820,Christopher Cleveland
821,Christopher Crowe
822,Christopher De Vore
823,Christopher Ford
824,Christopher Frank
825,Christopher Gambale
826,Christopher Gore
827,Christopher Guest
828,Christopher Hampton
829,Christopher Isherwood
830,Christopher Kyle
831,Christopher L. Yost
832,Christopher Landon
833,Christopher Leitch
834,Christopher Markus
835,Christopher McQuarrie
836,Christopher Miller
837,Christopher Monger
838,Christopher Murphey
839,Christopher Nolan
840,Christopher Paolini
841,Christopher Reed
842,Christopher Roach
843,Christopher Robbins
844,Christopher Rouse
845,Christopher Scott Cherot
846,Christopher Spencer
847,Christopher Thompson
848,Christopher Wilkinson
849,Christy Beam
850,Chuck Barris
851,Chuck Hogan
852,Chuck Konzelman
853,Chuck Logan
854,Chuck Norris
855,Chuck Palahniuk
856,Chuck Pfarrer
857,Chuck Wilson
858,Cinco Paul
859,Cindy Cirile
860,Cindy Davis
861,Ciro Guerra
862,Claire Cook
863,Clancy Carlile
864,Clancy Sigal
865,Clara Bingham
866,Clara Royer
867,Clare Boothe Luce
868,Clare Sera
869,Clarence Budington Kelland
870,Clark Gregg
871,Claude Chabrol
872,Claude Faraldo
873,Claude Kerven
874,Claude Legault
875,Claude Magnier
876,Claude Stanush
877,Claude Zidi
878,Claudia Grazioso
879,Clay Tarver
880,Clayton Frohman
881,Cliff Hollingsworth
882,Clifford Green
883,Clifford Irving
884,Clio Chiang
885,Clive Barker
886,Clive Cussler
887,Clive Exton
888,Clyde Hayes
889,Coke Daniels
890,Coke Sams
891,Coleman Hough
892,Colette
893,Colin Clark
894,Colin Escott
895,Colin Higgins
896,Colin Patrick Lynch
897,Colin Trevorrow
898,Colin Welland
899,Colin Wilson
900,Coline Serreau
901,Colm Tóibín
902,Cooper Layne
903,Corey Mandell
904,Cormac McCarthy
905,Cormac Wibberley
906,Cornelia Funke
907,Cornell Woolrich
908,Cory Edwards
909,Cory Finley
910,Cory Goodman
911,Cory Helms
912,Costa-Gavras
913,Court Crandall
914,Courtney Hunt
915,Courtney Solomon
916,Craig Bartlett
917,Craig Bolotin
918,Craig Borten
919,Craig Brewer
920,Craig Cox
921,Craig Ferguson
922,Craig Fernandez
923,Craig Harrison
924,Craig Kyle
925,Craig Lucas
926,Craig Mazin
927,Craig Pearce
928,Craig Rosenberg
929,Craig Schulz
930,Craig Storper
931,Craig Titley
932,Craig Wright
933,Creighton Rothenberger
934,Cressida Cowell
935,Cristian Mungiu
936,Cul Cullen
937,Curtis Hanson
938,Cynthia Carle
939,Cynthia Cidre
940,Cyril Hume
941,Cyrus Voris
942,Cédric Klapisch
943,Céline Garcia
944,D.A. Metrov
945,D.J. Caruso
946,D.V. DeVincentis
947,DJ Pooh
948,Dale Launer
949,Dalene Young
950,Dalton Trumbo
951,Damian Shannon
952,Damien Chazelle
953,Damián Szifron
954,Damon Lindelof
955,Damon Wayans
956,Dan Abnett
957,Dan Aykroyd
958,Dan Bates
959,Dan Berendsen
960,Dan Brown
961,Dan Callahan
962,Dan Ewen
963,Dan Fogelman
964,Dan Futterman
965,Dan Gilroy
966,Dan Gordon
967,Dan Greenburg
968,Dan Gregor
969,Dan Hageman
970,Dan Harmon
971,Dan Harris
972,Dan Hernandez
973,Dan Ireland
974,Dan Kwan
975,Dan Madigan
976,Dan Mazeau
977,Dan Mazer
978,Dan Millman
979,Dan O'Bannon
980,Dan Rush
981,Dan Scanlon
982,Dan Schneider
983,Dan Sterling
984,Dan Vining
985,Dana Carvey
986,Dana Fox
987,Dana Olsen
988,Dana Stevens
989,Daniel Barnz
990,Daniel Chuba
991,Daniel Clowes
992,Daniel Coyle
993,Daniel Domscheit-Berg
994,Daniel E. Taylor
995,Daniel F. Galouye
996,Daniel G. Sullivan
997,Daniel Gerson
998,Daniel Giat
999,Daniel Goldberg
1000,Daniel Handler
1001,Daniel Kunka
1002,Daniel Lang
1003,Daniel Lusko
1004,Daniel Mainwaring
1005,Daniel Meersand
1006,Daniel Myrick
1007,Daniel P. Mannix
1008,Daniel Petrie Jr.
1009,Daniel Pyne
1010,Daniel Reitz
1011,Daniel Sadek
1012,Daniel Scheinert
1013,Daniel Stiepleman
1014,Daniel Taplitz
1015,Daniel Wallace
1016,Daniel Waters
1017,Daniel Zelman
1018,Daniele Sebastian Wiedenhaupt
1019,Danielle Alexandra
1020,Danilo Bach
1021,Danis Tanovic
1022,Danièle Thompson
1023,Danny Bilson
1024,Danny Boyle
1025,Danny Jacobson
1026,Danny McBride
1027,Danny Opatoshu
1028,Danny Rubin
1029,Danny Strong
1030,Darcey Bell
1031,Darcy Frey
1032,Darcy Meyers
1033,Daria Nicolodi
1034,Darin Scott
1035,Dario Argento
1036,Dario Scardapane
1037,Darlene Craviotto
1038,Darnell Martin
1039,Darrel Campbell
1040,Darren Aronofsky
1041,Darren Doane
1042,Darren Lemke
1043,Darren Lynn Bousman
1044,Darren Stein
1045,Darryl Ponicsan
1046,Darryl Quarles
1047,Daryl Haney
1048,Dav Pilkey
1049,Dave Barry
1050,Dave Callaham
1051,Dave Chappelle
1052,Dave Christiano
1053,Dave Eggers
1054,Dave Johannson
1055,Dave Krinsky
1056,Dave Stevens
1057,Dave Thomas
1058,Dave Willis
1059,David A. Newman
1060,David Aaron Cohen
1061,David Ambrose
1062,David Arata
1063,David Atkins
1064,David Auburn
1065,David Ayer
1066,David Baldacci
1067,David Bar Katz
1068,David Barry
1069,David Benioff
1070,David Benullo
1071,David Berenbaum
1072,David Birke
1073,David Bourla
1074,David Bowers
1075,David Brin
1076,David C. Johnson
1077,David C. Wilson
1078,David Casci
1079,David Caspe
1080,David Chaskin
1081,David Chisholm
1082,David Cohen
1083,David Collard
1084,David Cramer
1085,David Cronenberg
1086,David DiGilio
1087,David Diamond
1088,David Dorfman
1089,David Duncan
1090,David E. Kelley
1091,David E. Talbert
1092,David Ebershoff
1093,David Elliot
1094,David Engelbach
1095,David Eyre
1096,David F. Sandberg
1097,David Farr
1098,David Feeney
1099,David Finkel
1100,David Franzoni
1101,David Freeman
1102,David Friedkin
1103,David Fuller
1104,David G. Evans
1105,David Garrett
1106,David Giler
1107,David Giles
1108,David Gleeson
1109,David Grann
1110,David Griffiths
1111,David Guggenheim
1112,David Guion
1113,David Guterson
1114,David H. Steinberg
1115,David Hare
1116,David Hayter
1117,David Henry Hwang
1118,David Himmelstein
1119,David Hines
1120,David Hodgin
1121,David Hoselton
1122,David Howard
1123,David Ignatius
1124,David Iserson
1125,David J. Schow
1126,David James Kelly
1127,David Jonas
1128,David Kajganich
1129,David Kendall
1130,David Kidd
1131,David Kirschner
1132,David Klass
1133,David Koepp
1134,David L. Cook
1135,David L. Corley
1136,David L. Hunt
1137,David Lagercrantz
1138,David Leigh
1139,David Leland
1140,David Leslie Johnson-McGoldrick
1141,David Levien
1142,David Levithan
1143,David Lindsay-Abaire
1144,David Loucka
1145,David Loughery
1146,David Lowery
1147,David Lynch
1148,David Madsen
1149,David Magee
1150,David Mamet
1151,David Mandel
1152,David Marconi
1153,David McKenna
1154,David Michôd
1155,David Mickey Evans
1156,David Mitchell
1157,David Morrell
1158,David N. Titcher
1159,David N. Weiss
1160,David Newman
1161,David Nicholls
1162,David O. Russell
1163,David Odell
1164,David Pastor
1165,David Paterson
1166,David Price
1167,David Rabe
1168,David Rabinowitz
1169,David Robert Mitchell
1170,David Robinson
1171,David Ronn
1172,David Rose
1173,David S. Goyer
1174,David S. Ward
1175,David Saperstein
1176,David Scarpa
1177,David Schmidt
1178,David Schneider
1179,David Schneiderman
1180,David Seidler
1181,David Self
1182,David Seltzer
1183,David Shaber
1184,David Sheffield
1185,David Simkins
1186,David Spade
1187,David Stassen
1188,David Stenn
1189,David Twohy
1190,David Veloz
1191,David Wagner
1192,David Webb Peoples
1193,David Wechter
1194,David Weisberg
1195,David Weissman
1196,David Williamson
1197,David Z. Weinstein
1198,David Zelag Goodman
1199,David Zucker
1200,Dax Shepard
1201,DeWitt Bodeen
1202,Dean Craig
1203,Dean DeBlois
1204,Dean Devlin
1205,Dean Georgaris
1206,Dean Jennings
1207,Dean Lorey
1208,Dean Pitchford
1209,Dean R. Koontz
1210,Deborah Amelon
1211,Deborah Blum
1212,Deborah Davis
1213,Deborah Kaplan
1214,Deborah Lipstadt
1215,Deborah Moggach
1216,Deborah Schwartz
1217,Debra Granik
1218,Debra Hill
1219,Debra Sullivan
1220,Declan May
1221,Delia Ephron
1222,Demian Lichtenstein
1223,Denis Hamill
1224,Denis Johnson
1225,Denis O'Neill
1226,Denis Villeneuve
1227,Denise Filiatrault
1228,Dennis Drake
1229,Dennis Feldman
1230,Dennis Hackin
1231,Dennis Kelly
1232,Dennis Lee
1233,Dennis Lehane
1234,Dennis Marks
1235,Dennis McIntyre
1236,Dennis McNicholas
1237,Dennis Paoli
1238,Dennis Potter
1239,Dennis Shryack
1240,Denver Moore
1241,Denys Arcand
1242,Deon Taylor
1243,Derek Cianfrance
1244,Derek Connolly
1245,Derek Drymon
1246,Derek Guiley
1247,Derek Haas
1248,Derek Harvie
1249,Derek Kolstad
1250,Derek Lambert
1251,Deric Washburn
1252,Derrick Borte
1253,Desmond Nakano
1254,Destin Daniel Cretton
1255,Dhani Lipsius
1256,Diablo Cody
1257,Dian Fossey
1258,Diana Wynne Jones
1259,Diana Young
1260,Diane Ackerman
1261,Diane English
1262,Diane Ruggiero-Wright
1263,Diane Thomas
1264,Dianne Houston
1265,Dick Beebe
1266,Dick Clement
1267,Dick King-Smith
1268,Dick Randall
1269,Dick Wolf
1270,Diego Kaplan
1271,Dilip Shukla
1272,Dimitri Villard
1273,Dirk Blackman
1274,Djordje Milicevic
1275,Dodie Smith
1276,Dominique Lapierre
1277,Domonic Muir
1278,Domonic Paris
1279,Don Bluth
1280,Don Calame
1281,Don Carlos Dunaway
1282,Don Coscarelli
1283,Don D. Scott
1284,Don Holley
1285,Don Jakoby
1286,Don Lake
1287,Don MacPherson
1288,Don Mancini
1289,Don McGuire
1290,Don McKellar
1291,Don Michael Paul
1292,Don Payne
1293,Don Petersen
1294,Don Piper
1295,Don Rhymer
1296,Don Roos
1297,Don Winslow
1298,Donald A. Wollheim
1299,Donald Bakeer
1300,Donald E. Stewart
1301,Donald E. Westlake
1302,Donald Goines
1303,Donald P. Borchers
1304,Donald Woods
1305,Donna Powers
1306,Donna Tartt
1307,Doris Kearns Goodwin
1308,Doris Pilkington
1309,Dorota Kobiela
1310,Dorothy Blyskal
1311,Dorothy Kingsley
1312,Dorothy Tristan
1313,Doug Atchison
1314,Doug Ellin
1315,Doug Jung
1316,Doug Langdale
1317,Doug Miro
1318,Doug Richardson
1319,Doug Taylor
1320,Doug Wright
1321,Douglas Adams
1322,Douglas Cook
1323,Douglas Day Stewart
1324,Douglas J. Eboch
1325,Douglas McGrath
1326,Douglas Preston
1327,Douglas Schwartz
1328,Douglas Wick
1329,Dr. Seuss
1330,Drake Doremus
1331,Drake Sather
1332,Drew Dowdle
1333,Drew Gitlin
1334,Drew Goddard
1335,Drew Pearce
1336,Du Lu Wang
1337,Duane Adler
1338,Duke Sandefur
1339,Duncan Brantley
1340,Duncan Gibbins
1341,Duncan Jones
1342,Duncan Kennedy
1343,Duncan Tucker
1344,Dustin Lance Black
1345,Dustin Lee Abraham
1346,Dyan Sheldon
1347,E. Jack Kaplan
1348,E. Max Frye
1349,E. Randol Schoenberg
1350,E.B. White
1351,E.C. Segar
1352,E.L. Doctorow
1353,E.L. James
1354,E.M. Forster
1355,E.T.A. Hoffmann
1356,Earl Barret
1357,Earl Richey Jones
1358,Ebbe Roe Smith
1359,Ed Boon
1360,Ed Decter
1361,Ed Gass-Donnelly
1362,Ed Harris
1363,Ed Horowitz
1364,Ed Justin
1365,Ed Kaplan
1366,Ed Naha
1367,Ed Solomon
1368,Ed Stone
1369,Ed Turner
1370,Ed Yeager
1371,Eddie Campbell
1372,Eddie Gonzalez
1373,Eddie Griffin
1374,Eddie Guzelian
1375,Eddie Little
1376,Eddie Murphy
1377,Edgar Rice Burroughs
1378,Edgar Wright
1379,Edith Wharton
1380,Edmond Rostand
1381,Edmonde Charles-Roux
1382,Edmund H. North
1383,Edmund Ward
1384,Eduardo M. Clorio
1385,Eduardo Sacheri
1386,Eduardo Sánchez
1387,Edui Tijerina
1388,Edward Anderson
1389,Edward Burns
1390,Edward Cannon
1391,Edward Clinton
1392,Edward Emanuel
1393,Edward Khmara
1394,Edward Kitsis
1395,Edward Neumeier
1396,Edward Norton
1397,Edward Rugoff
1398,Edward Tang
1399,Edward Zwick
1400,Edwin Blum
1401,Edwin Torres
1402,Efthymis Filippou
1403,Ehren Kruger
1404,Eiko Kadono
1405,Eileen Chang
1406,Elaine Goldsmith-Thomas
1407,Elaine May
1408,Elan Mastai
1409,Eleanor Bergstein
1410,Eleanor Catton
1411,Eleazar Lipsky
1412,Elfriede Jelinek
1413,Elgin James
1414,Eli Roth
1415,Eliot Asinof
1416,Elisa Bell
1417,Elisabeth Sanxay Holding
1418,Elissa Matsueda
1419,Elizabeth Banks
1420,Elizabeth Berger
1421,Elizabeth Chandler
1422,Elizabeth Cuthrell
1423,Elizabeth Hunter
1424,Elizabeth Livingston
1425,Elizabeth McNeill
1426,Elizabeth Meriwether
1427,Elizabeth Young
1428,Ellen Furman
1429,Ellen Green
1430,Ellen Shepard
1431,Elliot Tiber
1432,Elliott Lewitt
1433,Ellory Elkayem
1434,Elmore Leonard
1435,Emanuele Crialese
1436,Emi Mochizuki
1437,Emil Stern
1438,Emilio Estevez
1439,Emily Carmichael
1440,Emily Fox
1441,Emily Giffin
1442,Emily Halpern
1443,Emily Meyer
1444,Emily V. Gordon
1445,Emma Donoghue
1446,Emma McLaughlin
1447,Emma Thompson
1448,Emmanuel Benbihy
1449,Emílio Boechat
1450,Eran Creevy
1451,Eric Aronson
1452,Eric Bergren
1453,Eric Bernt
1454,Eric Blakeney
1455,Eric Bogosian
1456,Eric Bress
1457,Eric Champnella
1458,Eric Darnell
1459,Eric Eason
1460,Eric Garcia
1461,Eric Goldberg
1462,Eric Guggenheim
1463,Eric Heisserer
1464,Eric Hughes
1465,Eric Kirsten
1466,Eric Kripke
1467,Eric Lerner
1468,Eric Luke
1469,Eric Pearson
1470,Eric Red
1471,Eric Roth
1472,Eric Schaeffer
1473,Eric Siegel
1474,Eric Summer
1475,Eric Wald
1476,Eric Warren Singer
1477,Erica Beeney
1478,Erica Oyama
1479,Erica Rivinoja
1480,Erich Hoeber
1481,Erik Fleming
1482,Erik Sommers
1483,Erik Tarloff
1484,Erik White
1485,Erika Holzer
1486,Erin Cardillo
1487,Erin Cressida Wilson
1488,Erin Simms
1489,Ernest Cline
1490,Ernest K. Gann
1491,Ernest R. Dickerson
1492,Ernest R. May
1493,Ernest Riera
1494,Ernest Shepard
1495,Ernest Thompson
1496,Ernest Tidyman
1497,Ernestine Gilbreth Carey
1498,Ernesto Foronda
1499,Ernie Barbarash
1500,Esther Freud
1501,Etan Cohen
1502,Ethan Canin
1503,Ethan Coen
1504,Ethan Gross
1505,Ethan Reiff
1506,Ethan Wiley
1507,Etienne Comar
1508,Eugene Levy
1509,Eun-Jeong Kim
1510,Eva Maria Peters
1511,Evan Chandler
1512,Evan Daugherty
1513,Evan Goldberg
1514,Evan Spiliotopoulos
1515,Evan Susser
1516,Eve Ahlert
1517,Evgenia Peretz
1518,Ewan Leslie
1519,Eyal Podell
1520,Eça de Queirós
1521,F. Paul Wilson
1522,F. Scott Frazier
1523,F.X. Toole
1524,Fabian Wullenweber
1525,Fabián Bielinsky
1526,Faith Conroy
1527,Fannie Flagg
1528,Farhad Mann
1529,Farhad Safinia
1530,Farhad Samji
1531,Farhan Akhtar
1532,Fax Bahr
1533,Fede Alvarez
1534,Felix Sutton
1535,Felix van Groeningen
1536,Feng Li
1537,Ferenc Török
1538,Fernando Trueba
1539,Fernando de Felipe
1540,Fernley Phillips
1541,Fibe Ma
1542,Florence Seidelman
1543,Floria Sigismondi
1544,Florian Henckel von Donnersmarck
1545,Floyd Mutrux
1546,Forry Smith
1547,Fran Walsh
1548,Franc. Reyes
1549,Frances Goodrich
1550,Frances Hodgson Burnett
1551,Frances Mayes
1552,Francis Ford Coppola
1553,Francis Veber
1554,Francis X. McCarthy Jr.
1555,Francisca Matos
1556,Franco Zeffirelli
1557,Frank Abagnale Jr.
1558,Frank B. Gilbreth Jr.
1559,Frank Baldwin
1560,Frank Barhydt
1561,Frank Cottrell Boyce
1562,Frank D. Gilroy
1563,Frank Darabont
1564,Frank De Felitta
1565,Frank Deese
1566,Frank Deford
1567,Frank Dux
1568,Frank Hannah
1569,Frank Herbert
1570,Frank Hohimer
1571,Frank LaLoggia
1572,Frank McCourt
1573,Frank Miller
1574,Frank Pierson
1575,Frank Sebastiano
1576,Frank Spotnitz
1577,Frank Waldman
1578,Frank Yablans
1579,Franklin Thompson
1580,François Camirand
1581,François Girard
1582,François Ozon
1583,Fred Bauer
1584,Fred Cavayé
1585,Fred Dekker
1586,Fred Freeman
1587,Fred Rexer
1588,Fred Schepisi
1589,Fred Waitzkin
1590,Fred Wolf
1591,Frederic Raphael
1592,Frederick Knott
1593,Fredric Lebow
1594,Freedom Writers
1595,Friedrich Dürrenmatt
1596,Frédéric Jardin
1597,Furio Scarpelli
1598,Gabe Sachs
1599,Gabor Csupo
1600,Gabriel Arcand
1601,Gabriel Casseus
1602,Gabriel García Márquez
1603,Gabriel Ripstein
1604,Gabriele Muccino
1605,Gabriella Prekop
1606,Gabrielle Allan
1607,Gaby Chiappe
1608,Gage Lansky
1609,Gail Gilchriest
1610,Gail Morgan Hickman
1611,Gail Parent
1612,Gale Anne Hurd
1613,Galley Molina
1614,Gareth Dunnet-Alcocer
1615,Gareth Evans
1616,Garon Tsuchiya
1617,Garrard Conley
1618,Garrett Lerner
1619,Garrison Keillor
1620,Garry Shandling
1621,Garth Ennis
1622,Garth Jennings
1623,Garth Stein
1624,Gary Baseman
1625,Gary Brandner
1626,Gary Conway
1627,Gary Dauberman
1628,Gary David Goldberg
1629,Gary Eck
1630,Gary Goldman
1631,Gary Hardwick
1632,Gary K. Wolf
1633,Gary M. Goodman
1634,Gary Marks
1635,Gary Nadeau
1636,Gary Ross
1637,Gary Scott Thompson
1638,Gary Sherman
1639,Gary Spinelli
1640,Gary Stephen Ross
1641,Gary Whitta
1642,Gary Young
1643,Gaston Leroux
1644,Gavin Hood
1645,Gavin O'Connor
1646,Gavin Scott
1647,Gayle Forman
1648,Geeta Anand
1649,Gene Brewer
1650,Gene Colan
1651,Gene Quintano
1652,Gene Roddenberry
1653,Gene Stupnitsky
1654,Gene Wilder
1655,Geneva Robertson-Dworet
1656,Genndy Tartakovsky
1657,Geoff LaTulippe
1658,Geoff Rodkey
1659,Geoffrey Edwards
1660,Geoffrey Fletcher
1661,Geoffrey Panos
1662,George A. Romero
1663,George Axelrod
1664,George Barr McCutcheon
1665,George Clayton Johnson
1666,George Clooney
1667,George Crile
1668,George Dawes Green
1669,George Gallo
1670,George Gatins
1671,George Gipe
1672,George Goldsmith
1673,George LaFountaine
1674,George LaVoo
1675,George Langelaan
1676,George Lucas
1677,George MacDonald
1678,George MacDonald Fraser
1679,George Markstein
1680,George Michael
1681,George Miller
1682,George Nolfi
1683,George Orwell
1684,George Plimpton
1685,George Tillman Jr.
1686,George V. Higgins
1687,George Webster
1688,George Wells
1689,George Wing
1690,George Zaloom
1691,Georges Chaperot
1692,Georges-Hébert Germain
1693,Gerald Clarke
1694,Gerald Di Pego
1695,Gerald Kersh
1696,Gerald N. Lund
1697,Gerald Petievich
1698,Gerald Walker
1699,Gerard Brown
1700,Gerard Soeteman
1701,Germán Servidio
1702,Gerry Anderson
1703,Gerry Conlon
1704,Gerry Swallow
1705,Gertrude Davies Lintz
1706,Ghalya Lacroix
1707,Ghyslaine Côté
1708,Gideon Amir
1709,Gideon Defoe
1710,Gigi Levangie
1711,Gilbert Adair
1712,Gilbert Ralston
1713,Gill Dennis
1714,Gilles Adrien
1715,Gilles Mimouni
1716,Gillian Flynn
1717,Gina Goldman
1718,Gina Prince-Bythewood
1719,Gina Wendkos
1720,Giovanni Arpino
1721,Giuseppe Tornatore
1722,Glen Charles
1723,Glen Morgan
1724,Glenn A. Bruce
1725,Glenn Berger
1726,Glenn Ficarra
1727,Glenn Gers
1728,Glenn M. Benest
1729,Gloria Katz
1730,Gong Geer
1731,Gordon Thomas
1732,Gordon Weaver
1733,Grace Cary Bickley
1734,Graham Chapman
1735,Graham Gordy
1736,Graham Greene
1737,Graham Moore
1738,Graham Roland
1739,Graham Swift
1740,Graham Wagner
1741,Graham Yost
1742,Grant Heslov
1743,Grant Nieporte
1744,Grant Pierce Myers
1745,Greg Berlanti
1746,Greg Coolidge
1747,Greg DePaul
1748,Greg Erb
1749,Greg Fields
1750,Greg Glienna
1751,Greg Harrison
1752,Greg Iles
1753,Greg McLean
1754,Greg Norberg
1755,Greg Taylor
1756,Gregg Chabot
1757,Gregg Hurwitz
1758,Gregg Maxwell Parker
1759,Gregory Allen Howard
1760,Gregory Fleeman
1761,Gregory Hansen
1762,Gregory J. Bradley
1763,Gregory McDonald
1764,Gregory Nava
1765,Gregory Poirier
1766,Gregory Poppen
1767,Gregory Ramon Anderson
1768,Gregory White Smith
1769,Gregory Widen
1770,Greta Gerwig
1771,Grégory Levasseur
1772,Guillaume Canet
1773,Guillaume Laurant
1774,Guillermo Amoedo
1775,Guillermo Arriaga
1776,Guillermo Cabrera Infante
1777,Guillermo Ríos
1778,Guillermo del Toro
1779,Guinevere Turner
1780,Guljit Bindra
1781,Gurinder Chadha
1782,Gus Van Sant
1783,Gustavo Hernández
1784,Gustin Nash
1785,Guy Busick
1786,Guy Elmes
1787,Guy Hibbert
1788,Guy Manos
1789,Guy Ritchie
1790,Gwyn Lurie
1791,Gy Waldron
1792,Gábor T. Szántó
1793,Gérard Brach
1794,Gérard Oury
1795,H. Kaye Dyal
1796,H. Rider Haggard
1797,H.B. Halicki
1798,H.F. Saint
1799,H.G. Wells
1800,H.P. Lovecraft
1801,Habib Faisal
1802,Haidar Ali
1803,Haile Gerima
1804,Hal Barwood
1805,Hal Needham
1806,Hallie Meyers-Shyer
1807,Halsted Welles
1808,Hamish McColl
1809,Hampton Fancher
1810,Hampton Sides
1811,Han-min Kim
1812,Hanif Kureishi
1813,Hank Nelken
1814,Hannah Shakespeare
1815,Hans Bauer
1816,Hans Christian Andersen
1817,Hans Holzer
1818,Hany Abu-Assad
1819,Harald Kloser
1820,Harald Zwart
1821,Hark Tsui
1822,Harlan Coben
1823,Harley Peyton
1824,Harmony Korine
1825,Harold G. Moore
1826,Harold Ramis
1827,Harold Robbins
1828,Harold T.P. Hayes
1829,Harriet Frank Jr.
1830,Harris Goldberg
1831,Harry Allard
1832,Harry Elfont
1833,Harry Grey
1834,Harry Julian Fink
1835,Harry Kleiner
1836,Harry Ratchford
1837,Harry Shearer
1838,Harv Zimmel
1839,Harve Bennett
1840,Harvey Fierstein
1841,Harvey Miller
1842,Hawk Ostby
1843,Hayao Miyazaki
1844,Hayden Herrera
1845,Hayden Schlossberg
1846,Heather Hach
1847,Heather Juergensen
1848,Heather McGowan
1849,Heather Robinson
1850,Heidi McLaughlin
1851,Heidi Thomas
1852,Heinrich Harrer
1853,Helen Aberson
1854,Helen Childress
1855,Helen Cross
1856,Helen Fielding
1857,Helen Prejean
1858,Helena Kriel
1859,Henrik Ibsen
1860,Henry Bean
1861,Henry De Vere Stacpoole
1862,Henry Gayden
1863,Henry Gilroy
1864,Henry James
1865,Henry Rosenbaum
1866,Henry Selick
1867,Hergé
1868,Herman Raucher
1869,Herman Weigel
1870,Herschel Weingrod
1871,Hervé Palud
1872,Hesper Anderson
1873,Heywood Gould
1874,Hideo Nakata
1875,Hideo Oguni
1876,Hilary Henkin
1877,Hilary du Pré
1878,Hillary Seitz
1879,Hing-Ka Chan
1880,Hiram Martinez
1881,Hironobu Sakaguchi
1882,Hiroshi Fukazawa
1883,Ho-min Ju
1884,Hollis Barton
1885,Holly Gent
1886,Holly Goldberg Sloan
1887,Homer
1888,Homer H. Hickam Jr.
1889,Hossein Amini
1890,Howard Ashman
1891,Howard Avedis
1892,Howard Berk
1893,Howard Franklin
1894,Howard Klausner
1895,Howard Kohn
1896,Howard Korder
1897,Howard R. Cohen
1898,Howard Rosenman
1899,Howard Stern
1900,Hu Hong
1901,Hubbel Palmer
1902,Hubert Selby Jr.
1903,Huck Botko
1904,Huey Perry
1905,Hugh Kelley
1906,Hugh Lofting
1907,Hugh Welchman
1908,Hugh Wheeler
1909,Hugh Wilson
1910,Hui-Ling Wang
1911,Hunter Dennis
1912,Hunter S. Thompson
1913,Hussain Dalal
1914,Hyung-rae Shim
1915,I. Marlene King
1916,Iain Johnstone
1917,Ian Deitchman
1918,Ian Fleming
1919,Ian Helfer
1920,Ian La Frenais
1921,Ian Mackenzie Jeffers
1922,Ian Masters
1923,Ian McEwan
1924,Ian McKellen
1925,Ian Roberts
1926,Ian Watson
1927,Ice Cube
1928,Ifor David Monger
1929,Ike Barinholtz
1930,Ila Bedi Dutta
1931,Ilene Chaiken
1932,Ilya Naishuller
1933,Imtiaz Ali
1934,Ingmar Bergman
1935,Ira Glass
1936,Ira Levin
1937,Ira Sachs
1938,Irena Brignull
1939,Irene Mecchi
1940,Iris Rainer
1941,Iris Yamashita
1942,Irvine Welsh
1943,Irwin Allen
1944,Isaac Asimov
1945,Isaac Bashevis Singer
1946,Isaac Marion
1947,Isabel Allende
1948,Isabel Coixet
1949,Isabel Ellsen
1950,Isabelle Sobelman
1951,Ishirô Honda
1952,Ishita Moitra
1953,Israel Horovitz
1954,Ivan Atkinson
1955,Ivan Cotroneo
1956,Ivan Goff
1957,Ivan Menchell
1958,Ivan Raimi
1959,Ivan Reitman
1960,J. David Stem
1961,J. Mackye Gruber
1962,J. Michael Straczynski
1963,J. Mills Goodloe
1964,J.B. Cook
1965,J.C. Chandor
1966,J.D. Dillard
1967,J.D. Reed
1968,J.D. Shapiro
1969,J.D. Zeik
1970,J.F. Lawton
1971,J.G. Ballard
1972,J.H. Rosny Sr.
1973,J.H. Wyman
1974,J.J. Abrams
1975,J.J. Connolly
1976,J.K. Rowling
1977,J.M. Barrie
1978,J.P. Chowksey
1979,J.R.R. Tolkien
1980,J.S. Cardone
1981,Jac Flanders
1982,Jack Abramoff
1983,Jack Amiel
1984,Jack Baran
1985,Jack Barth
1986,Jack Bernstein
1987,Jack Black
1988,Jack Cowden
1989,Jack Engelhard
1990,Jack Epps Jr.
1991,Jack Finney
1992,Jack Golden Russell
1993,Jack Higgins
1994,Jack Kirby
1995,Jack London
1996,Jack Olsen
1997,Jack Paglen
1998,Jack Rosenthal
1999,Jack Thibeau
2000,Jack Whittingham
2001,Jackie Chan
2002,Jackie Filgo
2003,Jackie Kallen
2004,Jacob Estes
2005,Jacob Grimm
2006,Jacob Koskoff
2007,Jacob Meszaros
2008,Jacquelyn Mitchard
2009,Jacques Audiard
2010,Jacques Lob
2011,Jacques Tati
2012,Jaime Primak Sullivan
2013,Jake Kasdan
2014,Jake LaMotta
2015,Jake Wade Wall
2016,James A. Woods
2017,James B. Harris
2018,James Baldwin
2019,James Bobin
2020,James Booth
2021,James Bridges
2022,James Bruner
2023,James Burke
2024,James Cameron
2025,James Cappe
2026,James Carabatsos
2027,James Clavell
2028,James Cox
2029,James D. Solomon
2030,James Dashner
2031,James DeMonaco
2032,James Dearden
2033,James Ellroy
2034,James Fargo
2035,James Fenimore Cooper
2036,James Ferguson
2037,James Fogle
2038,James Fox
2039,James Frey
2040,James Gibson
2041,James Glickenhaus
2042,James Gorman
2043,James Gray
2044,James Greer
2045,James Gunn
2046,James Herbert
2047,James Hetfield
2048,James Higginson
2049,James Ivory
2050,James Jones
2051,James Kearns
2052,James L. Brooks
2053,James L. White
2054,James Lapine
2055,James Lee Burke
2056,James M. Cain
2057,James MacManus
2058,James Mangold
2059,James Marshall
2060,James Mather
2061,James McBride
2062,James Melkonian
2063,James O'Barr
2064,James Orr
2065,James Patterson
2066,James Ponsoldt
2067,James R. Hansen
2068,James R. Silke
2069,James R. Webb
2070,James Sallis
2071,James Schamus
2072,James Siegel
2073,James Toback
2074,James Twyman
2075,James V. Hart
2076,James V. Simpson
2077,James Vanderbilt
2078,James Wan
2079,James Whittaker
2080,James Wong
2081,Jamie Babbit
2082,Jamie Delano
2083,Jamie Hewlett
2084,Jamie Linden
2085,Jamie Moss
2086,Jamie Uys
2087,Jan Pinkava
2088,Jan Sardi
2089,Jan Skrentny
2090,Jan de Bont
2091,Jana Howington
2092,Jane Anderson
2093,Jane Austen
2094,Jane Campion
2095,Jane Goldman
2096,Jane Hawking
2097,Jane Hawksley
2098,Jane Rule
2099,Jane Smiley
2100,Janet Fitch
2101,Janet Scott Batchler
2102,Janice Karman
2103,Janus Cercone
2104,Jared Bush
2105,Jared Hess
2106,Jared Stern
2107,Jarrad Paul
2108,Jarre Fees
2109,Jason Filardi
2110,Jason Friedberg
2111,Jason Fuchs
2112,Jason Hall
2113,Jason Katims
2114,Jason Katz
2115,Jason Keller
2116,Jason Mantzoukas
2117,Jason Matthews
2118,Jason Pagan
2119,Jason Rappaport
2120,Jason Reitman
2121,Jason Richman
2122,Jason Schafer
2123,Jason Segel
2124,Jason Smilovic
2125,Jason Ward
2126,Jaume Balagueró
2127,Javier Abad
2128,Jay Anson
2129,Jay Chandrasekhar
2130,Jay Cocks
2131,Jay Cronley
2132,Jay Duplass
2133,Jay Huguely
2134,Jay Lavender
2135,Jay Levey
2136,Jay Longino
2137,Jay Martel
2138,Jay Parini
2139,Jay Scherick
2140,Jay Ward
2141,Jay Wolpert
2142,Jay Wurts
2143,Jayamohan
2144,Jean C. Havez
2145,Jean Chalopin
2146,Jean Hanff Korelitz
2147,Jean LaFleur
2148,Jean M. Auel
2149,Jean Poiret
2150,Jean Shepherd
2151,Jean-Charles Tacchella
2152,Jean-Christophe Castelli
2153,Jean-Claude Carrière
2154,Jean-Claude Mézières
2155,Jean-Claude Van Damme
2156,Jean-Jacques Annaud
2157,Jean-Marie Poiré
2158,Jean-Patrick Manchette
2159,Jean-Paul Rappeneau
2160,Jean-Pierre Dardenne
2161,Jean-Pierre Jeunet
2162,Jean-Pierre Melville
2163,Jean-Stéphane Bron
2164,Jeanne Duprau
2165,Jeanne Marie Laskas
2166,Jeanne Rosenberg
2167,Jeanne Ryan
2168,Jeannie Long
2169,Jeannine Dominy
2170,Jeb Stuart
2171,Jeff Arch
2172,Jeff Baena
2173,Jeff Bauman
2174,Jeff Benjamin
2175,Jeff Buhai
2176,Jeff Buhler
2177,Jeff Cox
2178,Jeff Daniels
2179,Jeff Dixon
2180,Jeff Eastin
2181,Jeff Filgo
2182,Jeff Franklin
2183,Jeff Hammond
2184,Jeff Hand
2185,Jeff Howard
2186,Jeff Judah
2187,Jeff Kinney
2188,Jeff Lowell
2189,Jeff Maguire
2190,Jeff Nathanson
2191,Jeff Nichols
2192,Jeff Nimoy
2193,Jeff Pinkner
2194,Jeff Pollack
2195,Jeff Pope
2196,Jeff Reno
2197,Jeff Rothberg
2198,Jeff Shaara
2199,Jeff Stockwell
2200,Jeff Van Wie
2201,Jeff VanderMeer
2202,Jeff Vintar
2203,Jeff Wadlow
2204,Jeff Whitty
2205,Jeffery Deaver
2206,Jeffrey Alan Fiskin
2207,Jeffrey Bernini
2208,Jeffrey Bloom
2209,Jeffrey Boam
2210,Jeffrey Bushell
2211,Jeffrey Caine
2212,Jeffrey Eugenides
2213,Jeffrey Hatcher
2214,Jeffrey Jurgensen
2215,Jeffrey Kluger
2216,Jeffrey Lieber
2217,Jeffrey M. Howard
2218,Jeffrey M. Rosenbaum
2219,Jeffrey Nachmanoff
2220,Jeffrey Price
2221,Jeffrey Reddick
2222,Jeffrey Ross
2223,Jeffrey Scott
2224,Jemaine Clement
2225,Jennie Snyder Urman
2226,Jennifer Flackett
2227,Jennifer Lee
2228,Jennifer Salt
2229,Jennifer Ventimilia
2230,Jennifer Westfeldt
2231,Jenny Bicks
2232,Jeph Loeb
2233,Jere Cunningham
2234,Jeremy Brock
2235,Jeremy Camp
2236,Jeremy Garelick
2237,Jeremy Haft
2238,Jeremy Iacone
2239,Jeremy Joe Kronsberg
2240,Jeremy Leven
2241,Jeremy Passmore
2242,Jeremy Pikser
2243,Jeremy Saulnier
2244,Jeremy Slater
2245,Jeremy Sosenko
2246,Jeremy Walters
2247,Jerico Stone
2248,Jerome Armstrong
2249,Jerry B. Jenkins
2250,Jerry Beck
2251,Jerry Belson
2252,Jerry Eeten
2253,Jerry Juhl
2254,Jerry Leichtling
2255,Jerry Lewis
2256,Jerry O'Connell
2257,Jerry Seinfeld
2258,Jerry Siegel
2259,Jerry Zucker
2260,Jerusha Hess
2261,Jerzy Kromolowski
2262,Jesse Andrews
2263,Jesse Armstrong
2264,Jesse Peretz
2265,Jesse Studenberg
2266,Jessica Bendinger
2267,Jessica Postigo
2268,Jessica Pressler
2269,Jessica Sharzer
2270,Jessie Nelson
2271,Jet Li
2272,Jez Butterworth
2273,Jhumpa Lahiri
2274,Ji Feng
2275,Ji-hoon Han
2276,Jihad Hojeily
2277,Jill Ciment
2278,Jill Culton
2279,Jill Mazursky
2280,Jill Sprecher
2281,Jillian Jacobs
2282,Jim Abrahams
2283,Jim Britts
2284,Jim Burnstein
2285,Jim Carroll
2286,Jim Cash
2287,Jim Cox
2288,Jim Cruickshank
2289,Jim Davis
2290,Jim Dent
2291,Jim Harrison
2292,Jim Henson
2293,Jim Herzfeld
2294,Jim Jacobs
2295,Jim Jarmusch
2296,Jim Jennewein
2297,Jim Kehoe
2298,Jim Kouf
2299,Jim Lovell
2300,Jim McClain
2301,Jim Meenaghan
2302,Jim Piddock
2303,Jim Rash
2304,Jim Sheridan
2305,Jim Strain
2306,Jim Strouse
2307,Jim Taylor
2308,Jim Thomas
2309,Jim Uhls
2310,Jim Webb
2311,Jim Wheat
2312,Jim Wilson
2313,Jim Wynorski
2314,Jimmy Hayward
2315,Jimmy McGovern
2316,Jimmy Santiago Baca
2317,Jing Wu
2318,JoJo Henrickson
2319,Joachim Fest
2320,Joan Didion
2321,Joan Singleton
2322,Joan Taylor
2323,Joanne Harris
2324,Joby Harold
2325,Jocelyn Moorhouse
2326,Jody Hill
2327,Jody Savin
2328,Joe Aaron
2329,Joe Ahearne
2330,Joe Ansolabehere
2331,Joe Augustyn
2332,Joe Ballarini
2333,Joe Batteer
2334,Joe Carnahan
2335,Joe Connelly
2336,Joe Cornish
2337,Joe Eszterhas
2338,Joe Forte
2339,Joe Gatto
2340,Joe Gayton
2341,Joe Grant
2342,Joe Haldeman
2343,Joe Harris
2344,Joe Jarvis
2345,Joe Klein
2346,Joe Menosky
2347,Joe Penhall
2348,Joe Penna
2349,Joe R. Lansdale
2350,Joe Ranft
2351,Joe Robert Cole
2352,Joe Shrapnel
2353,Joe Shuster
2354,Joe Stillman
2355,Joe Syracuse
2356,Joel Coen
2357,Joel Cohen
2358,Joel Edgerton
2359,Joel Hershman
2360,Joel Oliansky
2361,Joel Schumacher
2362,Joel Soisson
2363,Joelle Touma
2364,Joey Curtis
2365,Joey Gutierrez
2366,Joey Hartstone
2367,Joey Mazzarino
2368,Johannes Roberts
2369,John A. Davis
2370,John A. Keel
2371,John A. Russo
2372,John Aboud
2373,John Aglialoro
2374,John Ajvide Lindqvist
2375,John Allen Nelson
2376,John Altschuler
2377,John August
2378,John B. Keane
2379,John Banville
2380,John Barry
2381,John Bayley
2382,John Beaird
2383,John Bellairs
2384,John Berendt
2385,John Bishop
2386,John Blumenthal
2387,John Boorman
2388,John Bowe
2389,John Boyne
2390,John Brancato
2391,John Briley
2392,John Brosnan
2393,John Brownjohn
2394,John Brownlow
2395,John Bryson
2396,John Byrum
2397,John C. Richards
2398,John Cameron Mitchell
2399,John Carlin
2400,John Carney
2401,John Carpenter
2402,John Cassavetes
2403,John Claflin
2404,John Cleese
2405,John Collee
2406,John Cornell
2407,John Cotter
2408,John D. Hancock
2409,John D. MacDonald
2410,John Dahl
2411,John DeMarco
2412,John Derek
2413,John Dwyer
2414,John E. Moyer
2415,John Eddie Johnson
2416,John Erick Dowdle
2417,John Eskow
2418,John Esposito
2419,John Fasano
2420,John Francis Daley
2421,John Fusco
2422,John Galt
2423,John Garvin
2424,John Gatins
2425,John Glenn
2426,John Godey
2427,John Goldsmith
2428,John Gregory Dunne
2429,John Grisham
2430,John Guare
2431,John Guy
2432,John H. Groberg
2433,John H. Lee
2434,John Hamburg
2435,John Hamill
2436,John Harrison
2437,John Heffernan
2438,John Herzfeld
2439,John Hill
2440,John Hlavin
2441,John Hodge
2442,John Hughes
2443,John Hunter
2444,John Irving
2445,John J. McLaughlin
2446,John J. Strauss
2447,John Junkerman
2448,John K. Swensson
2449,John Kamps
2450,John Katzenbach
2451,John Kohn
2452,John Krasinski
2453,John L. Balderston
2454,John L. Greene
2455,John Lafia
2456,John Landis
2457,John Lasseter
2458,John Lee Hancock
2459,John Leguizamo
2460,John Logan
2461,John Long
2462,John Lutz
2463,John McGreevey
2464,John McKay
2465,John McLoughlin
2466,John McNamara
2467,John Michael McDonagh
2468,John Milius
2469,John Mister
2470,John Morris
2471,John Mortimer
2472,John Musker
2473,John Nichols
2474,John Nickle
2475,John Norville
2476,John O'Brien
2477,John Orloff
2478,John Paragon
2479,John Patrick Shanley
2480,John Payson
2481,John Pearson
2482,John Petro
2483,John Phillips
2484,John Pielmeier
2485,John Pogue
2486,John Pollono
2487,John Pomeroy
2488,John Quaintance
2489,John R. Cherry III
2490,John Requa
2491,John Rice
2492,John Ridley
2493,John Roach
2494,John Rogers
2495,John Romano
2496,John Sanford
2497,John Sayles
2498,John Scott Shepherd
2499,John Seabrook
2500,John Sheppard
2501,John Shirley
2502,John Singleton
2503,John Skipp
2504,John Solomon
2505,John Stainton
2506,John Steakley
2507,John Steinbeck
2508,John Stockwell
2509,John Stuart Newman
2510,John Swetnam
2511,John Thomas
2512,John Tobias
2513,John Toles-Bey
2514,John Travis
2515,John Updike
2516,John W. Campbell Jr.
2517,John W. Richardson
2518,John Wagner
2519,John Waters
2520,John Wells
2521,John Wyndham
2522,John Zinman
2523,John le Carré
2524,John-Henry Butterworth
2525,Johnny Cash
2526,Johnny Knoxville
2527,Johnny Rosenthal
2528,Johnny Smith
2529,Johnston McCulley
2530,Joie Lee
2531,Jojo Moyes
2532,Jon Bernstein
2533,Jon Bogdanove
2534,Jon Bokenkamp
2535,Jon Bradshaw
2536,Jon Cleary
2537,Jon Connolly
2538,Jon Croker
2539,Jon Erwin
2540,Jon Favreau
2541,Jon George
2542,Jon Hartmere
2543,Jon Hoeber
2544,Jon Hurwitz
2545,Jon Krakauer
2546,Jon Lucas
2547,Jon Molerio
2548,Jon Ronson
2549,Jon Spaihts
2550,Jon Stewart
2551,Jon Vitti
2552,Jon Zack
2553,Jonah Hill
2554,Jonas Frykberg
2555,Jonas McCord
2556,Jonathan Aibel
2557,Jonathan Baker
2558,Jonathan Bernstein
2559,Jonathan Brett
2560,Jonathan Craven
2561,Jonathan Darby
2562,Jonathan Demme
2563,Jonathan Glazer
2564,Jonathan Goldstein
2565,Jonathan Hales
2566,Jonathan Harr
2567,Jonathan Hensleigh
2568,Jonathan Herman
2569,Jonathan Jakubowicz
2570,Jonathan Kasdan
2571,Jonathan Larson
2572,Jonathan Lemkin
2573,Jonathan Lethem
2574,Jonathan Levine
2575,Jonathan Lynn
2576,Jonathan Mostow
2577,Jonathan Nolan
2578,Jonathan Penner
2579,Jonathan Perera
2580,Jonathan R. Betuel
2581,Jonathan Reynolds
2582,Jonathan Roberts
2583,Jonathan Safran Foer
2584,Jonathan Tolins
2585,Jonathan Tropper
2586,Jonathan Tydor
2587,Jonás Cuarón
2588,Joo-Suk Park
2589,Jordan Belfort
2590,Jordan Cahan
2591,Jordan Kandell
2592,Jordan Katz
2593,Jordan Peele
2594,Jordan Roberts
2595,Jordan Rush
2596,Jorge Guerricaechevarría
2597,Jorge R. Gutiérrez
2598,Jorge Saralegui
2599,Josann McGibbon
2600,Jose Rivera
2601,Josef Rusnak
2602,Josefina Lopez
2603,Joseph Barbera
2604,Joseph Carter
2605,Joseph D. Pistone
2606,Joseph F. Girzone
2607,Joseph Finder
2608,Joseph Fraley
2609,Joseph Gordon-Levitt
2610,Joseph Hayes
2611,Joseph Kanon
2612,Joseph Kwong
2613,Joseph L. Galloway
2614,Joseph Michael Cala
2615,Joseph Minion
2616,Joseph Oriolo
2617,Joseph Stefano
2618,Joseph Tropiano
2619,Joseph Tura
2620,Josephine Coyle
2621,Josephine Humphreys
2622,Josh A. Cagan
2623,Josh Appelbaum
2624,Josh Baker
2625,Josh Boone
2626,Josh Campbell
2627,Josh Friedman
2628,Josh Gilbert
2629,Josh Goldsmith
2630,Josh Heald
2631,Josh Klausner
2632,Josh McKinney
2633,Josh Miller
2634,Josh Safdie
2635,Josh Singer
2636,Josh Stolberg
2637,Joshua Cordes
2638,Joshua Marston
2639,Joshua Michael Stern
2640,Joshua Oppenheimer
2641,Joshua Safran
2642,Joshua Sternin
2643,Joshua Zetumer
2644,Joss Whedon
2645,José Saramago
2646,Joyce Maynard
2647,Joyce Smith
2648,João Emanuel Carneiro
2649,Juan Carlos Fresnadillo
2650,Juan José Campanella
2651,Judd Apatow
2652,Judith Guest
2653,Judith Roberts
2654,Judith Thurman
2655,Judy Freudberg
2656,Judy Morris
2657,Juel Taylor
2658,Jules Asner
2659,Jules Feiffer
2660,Jules Verne
2661,Julia Dahl
2662,Julian Fellowes
2663,Julian Mitchell
2664,Julie Brown
2665,Julie Delpy
2666,Julie Powell
2667,Julien Poulin
2668,Juliet Snowden
2669,Juliette Towhidi
2670,Julius Lewis
2671,Jun Falkenstein
2672,Junce Ye
2673,June Roberts
2674,Jurek Becker
2675,Justin Barber
2676,Justin Dec
2677,Justin Haythe
2678,Justin Lin
2679,Justin Malen
2680,Justin Marks
2681,Justin Rhodes
2682,Justin Theroux
2683,Justin Zackham
2684,Jymn Magon
2685,Kaige Chen
2686,Kaja Blackley
2687,Kami Garcia
2688,Kan-Cheung Tsang
2689,Kanika Dhillon
2690,Kar-Wai Wong
2691,Karan Johar
2692,Karan Malhotra
2693,Karen Barna
2694,Karen Blixen
2695,Karen Croner
2696,Karen Elise Baldwin
2697,Karen Janszen
2698,Karen McCullah
2699,Karen Ray
2700,Karen Sprecher
2701,Karey Kirkpatrick
2702,Karim Hussain
2703,Karin Howard
2704,Kario Salem
2705,Karl Gajdusek
2706,Karl Geurs
2707,Karyn Bosnak
2708,Karyn Kusama
2709,Kasi Lemmons
2710,Kate Angelo
2711,Kate Boutilier
2712,Kate DiCamillo
2713,Kate Gunzinger
2714,Kate Lanier
2715,Katherine Fugate
2716,Katherine Reback
2717,Kathleen Rowell
2718,Kathryn Bigelow
2719,Kathryn Price
2720,Kathryn Stockett
2721,Kathy Rose
2722,Kathy Waugh
2723,Katie Anne Naylon
2724,Katie Dippold
2725,Katie Ford
2726,Katie Wech
2727,Katrin Benedikt
2728,Kay Cannon
2729,Kay Linaker
2730,Kazuo Ishiguro
2731,Keenen Ivory Wayans
2732,Kei Shu
2733,Keir Pearson
2734,Keith Gordon
2735,Keith Merryman
2736,Keith Mitchell
2737,Keith R. Clarke
2738,Keith Samples
2739,Keith Sharon
2740,Keith Thompson
2741,Keith Walker
2742,Kelley Sane
2743,Kelly Candaele
2744,Kelly Fremon Craig
2745,Kelly Marcel
2746,Kelly Masterson
2747,Ken Annakin
2748,Ken Cromar
2749,Ken Daurio
2750,Ken Finkleman
2751,Ken Friedman
2752,Ken Hixon
2753,Ken Kaufman
2754,Ken Kolb
2755,Ken Li
2756,Ken Lipper
2757,Ken Nolan
2758,Ken Rance
2759,Ken Richards
2760,Ken Russell
2761,Ken Sanzel
2762,Ken Scarborough
2763,Ken Scott
2764,Ken Shadie
2765,Ken Shapiro
2766,Ken Solarz
2767,Ken Wheat
2768,Ken Wiederhorn
2769,Kenji Bando
2770,Kenn Viselman
2771,Kenneth Branagh
2772,Kenneth Fearing
2773,Kenneth Lonergan
2774,Kenneth Ross
2775,Kenny Kim
2776,Kenya Barris
2777,Kerry Conran
2778,Kerry Williamson
2779,Kevin Bernhardt
2780,Kevin Bisch
2781,Kevin Brodbin
2782,Kevin Brodie
2783,Kevin DiCicco
2784,Kevin Eastman
2785,Kevin Falls
2786,Kevin Fox
2787,Kevin Grevioux
2788,Kevin Hageman
2789,Kevin Hart
2790,Kevin Heffernan
2791,Kevin Hood
2792,Kevin James
2793,Kevin Jarre
2794,Kevin Kopelow
2795,Kevin McClory
2796,Kevin Meyer
2797,Kevin Munroe
2798,Kevin O'Neill
2799,Kevin Peterka
2800,Kevin Reynolds
2801,Kevin Rock
2802,Kevin Smith
2803,Kevin Spacey
2804,Kevin Tenney
2805,Kevin Wade
2806,Kevin Williamson
2807,Kevin Yagher
2808,Khaled Hosseini
2809,Kieran Fitzgerald
2810,Kieran Mulroney
2811,Kim Barker
2812,Kim Dawson
2813,Kim Fuller
2814,Kim Fupz Aakeson
2815,Kim Henkel
2816,Kim Krizan
2817,Kim Watson
2818,Kim Wilson
2819,Kim Wozencraft
2820,Kimberly Peirce
2821,Kiran Kotrial
2822,Kirk DeMicco
2823,Kirk Jones
2824,Kirk Wise
2825,Kirsten Smith
2826,Kit Hesketh-Harvey
2827,Klay Hall
2828,Knate Lee
2829,Kody Keplinger
2830,Kris Isacsson
2831,Kristen Buckley
2832,Kristen Wiig
2833,Kristin Rusk Robinson
2834,Kristine Johnson
2835,Kristofor Brown
2836,Krysty Wilson-Cairns
2837,Kuki Gallmann
2838,Kumail Nanjiani
2839,Kurt Eichenwald
2840,Kurt Hale
2841,Kurt Johnstad
2842,Kurt Loder
2843,Kurt Luedtke
2844,Kurt Sutter
2845,Kurt Voelker
2846,Kurt Wimmer
2847,Kyle Gass
2848,Kyle Hunter
2849,Kyle Ward
2850,Kyril Bonfiglioli
2851,Kôji Suzuki
2852,L.M. Kit Carson
2853,Laeta Kalogridis
2854,Lai-Yin Leung
2855,Laird Koenig
2856,Lakshmi Saravanakumar
2857,Lana Wachowski
2858,Lance Khazei
2859,Lance Rivera
2860,Lanier Laney
2861,Larry Beinhart
2862,Larry Clemmons
2863,Larry Cohen
2864,Larry DiTillio
2865,Larry Doyle
2866,Larry Ferguson
2867,Larry Gelbart
2868,Larry Gross
2869,Larry Karaszewski
2870,Larry Ketron
2871,Larry L. King
2872,Larry Levin
2873,Larry Levinson
2874,Larry McMurtry
2875,Larry Rattner
2876,Larry Stuckey
2877,Larry Sulkis
2878,Larry Wilson
2879,Lars Gudmestad
2880,Lars von Trier
2881,Latif Yahia
2882,Laura Esquivel
2883,Laura Hillenbrand
2884,Laura Jones
2885,Laura Lau
2886,Laura Terruso
2887,Laura Zigman
2888,Laura Ziskin
2889,Lauran Paine
2890,Lauren Faust
2891,Lauren Miller Rogen
2892,Lauren Oliver
2893,Lauren Weisberger
2894,Laurence Dworet
2895,Laurence Sterne
2896,Laurent Hadida
2897,Laurice Elehwany
2898,Laurie Craig
2899,Lawrence B. Marcus
2900,Lawrence Block
2901,Lawrence D. Cohen
2902,Lawrence Gay
2903,Lawrence J. Cohen
2904,Lawrence Kasanoff
2905,Lawrence Kasdan
2906,Lawrence Konner
2907,Lawrence Lasker
2908,Lawrence Wright
2909,Le Ly Hayslip
2910,Lea Carpenter
2911,Lech Majewski
2912,Lee Anthony Smith
2913,Lee Batchler
2914,Lee Child
2915,Lee David Zlotoff
2916,Lee Eisenberg
2917,Lee Falk
2918,Lee Hall
2919,Lee Sternthal
2920,Lee Strobel
2921,Lee Unkrich
2922,Leigh Brackett
2923,Leigh Chapman
2924,Leigh Dunlap
2925,Leigh Whannell
2926,Lem Dobbs
2927,Len Blum
2928,Len Brown
2929,Len Wiseman
2930,Lena Waithe
2931,Leo Benvenuti
2932,Leo Garen
2933,Leo McCarey
2934,Leo Rossi
2935,Leo Tolstoy
2936,Leon Capetanos
2937,Leonard Hartman
2938,Leonard Nimoy
2939,Leonard Ripps
2940,Leonard Wise
2941,Leonardo Benvenuti
2942,Leora Barish
2943,Leslie Bohem
2944,Leslie Caveny
2945,Leslie Charteris
2946,Leslie Cockburn
2947,Leslie Dixon
2948,Leslie Newman
2949,Leslie Stevens
2950,Leslye Headland
2951,Leticia López Margalli
2952,Lew Wallace
2953,Lewis A. Green
2954,Lewis Abernathy
2955,Lewis Carroll
2956,Lewis Colick
2957,Lewis John Carlino
2958,Liam O'Donnell
2959,Liev Schreiber
2960,Lilly Wachowski
2961,Lincoln Child
2962,Lincoln Kirstein
2963,Linda Lee Cadwell
2964,Linda Shayne
2965,Linda Woolverton
2966,Lindsay Devlin
2967,Lindy Laub
2968,Lino DiSalvo
2969,Lionel Wigram
2970,Lisa Addario
2971,Lisa Cholodenko
2972,Lisa Marie Petersen
2973,Lissa Evans
2974,Liz Hannah
2975,Lizzy Weiss
2976,Lloyd Alexander
2977,Lloyd Fonvielle
2978,Lloyd Phillips
2979,Logan Miller
2980,Lois Duncan
2981,Lona Williams
2982,Lone Scherfig
2983,Lonne Elder III
2984,Lord Byron
2985,Lorene Scafaria
2986,Lorenzo Carcaterra
2987,Lorenzo Semple Jr.
2988,Lorne Cameron
2989,Lorne Michaels
2990,Lothar G. Buchheim
2991,Lou Holtz Jr.
2992,LouAnne Johnson
2993,Louis Begley
2994,Louis C.K.
2995,Louis Nowra
2996,Louis Sachar
2997,Louis Venosta
2998,Louis de Bernières
2999,Louisa May Alcott
3000,Louise Fitzhugh
3001,Louise Simonson
3002,Lowell Cannon
3003,Lowell Cunningham
3004,Lowell Ganz
3005,Luc Besson
3006,Luc Dardenne
3007,Luc Dionne
3008,Luc Déry
3009,Lucas Martell
3010,Lucia Aniello
3011,Luciano Vincenzoni
3012,Lucinda Coxon
3013,Lucy Alibar
3014,Ludovica Rampoldi
3015,Luigi Cozzi
3016,Luis Esteban
3017,Luis Valdez
3018,Lukas Heller
3019,Lukas Moodysson
3020,Luke Davies
3021,Luke Dawson
3022,Luke Greenfield
3023,Lynn Barber
3024,Lynn Shelton
3025,Lynn Siefert
3026,Lynne Ramsay
3027,Lynne Reid Banks
3028,László Nemes
3029,M. Night Shyamalan
3030,M.J. Bassett
3031,M.L. Stedman
3032,Maggie Carey
3033,Maggie Greenwald
3034,Makoto Shinkai
3035,Malcolm D. Lee
3036,Malcolm Leo
3037,Malcolm T. Goldman
3038,Malcolm X
3039,Malia Scotch Marmo
3040,Mamoru Oshii
3041,Man-Hee Lee
3042,Man-Ming Tong
3043,Mandy Nelson
3044,Maneesh Sharma
3045,Mani Ratnam
3046,Manny Coto
3047,Manuel Fidello
3048,Mara Brock Akil
3049,Marc Abraham
3050,Marc Basch
3051,Marc Behm
3052,Marc Brandel
3053,Marc Brunet
3054,Marc Calixte
3055,Marc Caro
3056,Marc Guggenheim
3057,Marc Haimes
3058,Marc Hyman
3059,Marc Klein
3060,Marc Lawrence
3061,Marc Levin
3062,Marc Meeks
3063,Marc Moss
3064,Marc Norman
3065,Marc Reid Rubel
3066,Marc Rocco
3067,Marc Silverstein
3068,Marcel Rodriguez
3069,Marcia Brandwynne
3070,Marcos Bernstein
3071,Marcus Dunstan
3072,Marcus Luttrell
3073,Maren Ade
3074,Margaret Nagle
3075,Margaret Oberman
3076,Margaret Rosenthal
3077,Maria Maggenti
3078,Maria Melnik
3079,Mariane Pearl
3080,Marianne Wibberley
3081,Marie Brenner
3082,Marie Weiss
3083,Marielle Heller
3084,Mario Bolduc
3085,Mario Puzo
3086,Mario Vargas Llosa
3087,Marion Bessay
3088,Marjane Satrapi
3089,Mark A. Altman
3090,Mark Amin
3091,Mark Andrew Olsen
3092,Mark Andrews
3093,Mark Andrus
3094,Mark Boal
3095,Mark Bomback
3096,Mark Bowden
3097,Mark Brinker
3098,Mark Brown
3099,Mark Burnell
3100,Mark Burton
3101,Mark Childress
3102,Mark Christopher
3103,Mark Crowdy
3104,Mark Cullen
3105,Mark DiSalle
3106,Mark Dindal
3107,Mark Duplass
3108,Mark Feldberg
3109,Mark Fergus
3110,Mark Frost
3111,Mark Gibson
3112,Mark Gunn
3113,Mark H. Baker
3114,Mark Handley
3115,Mark Hanlon
3116,Mark Helprin
3117,Mark Herman
3118,Mark Heyman
3119,Mark Illsley
3120,Mark Jacobson
3121,Mark Jones
3122,Mark Kasdan
3123,Mark Kennedy
3124,Mark L. Lester
3125,Mark L. Smith
3126,Mark Lee
3127,Mark Mallouk
3128,Mark Medoff
3129,Mark Millar
3130,Mark Miller
3131,Mark Mullin
3132,Mark Neveldine
3133,Mark Nutter
3134,Mark O'Brien
3135,Mark O'Keefe
3136,Mark Obmascik
3137,Mark Patrick Carducci
3138,Mark Peploe
3139,Mark Perez
3140,Mark Polish
3141,Mark Protosevich
3142,Mark R. Burns
3143,Mark Richard
3144,Mark Romanek
3145,Mark Rosenthal
3146,Mark Saltzman
3147,Mark Schwahn
3148,Mark Skeet
3149,Mark Spragg
3150,Mark Steilen
3151,Mark Steven Johnson
3152,Mark Twain
3153,Mark Verheiden
3154,Mark Victor
3155,Mark Wheaton
3156,Mark Young
3157,Markus Selin
3158,Markus Zusak
3159,Marla Frazee
3160,Marleen Gorris
3161,Marlene Schmidt
3162,Marlon Wayans
3163,Marqus Bobesich
3164,Marshall Brickman
3165,Martha Goldhirsh
3166,Marti Leimbach
3167,Marti Noxon
3168,Martin Amis
3169,Martin Bergman
3170,Martin Booth
3171,Martin Brest
3172,Martin Cruz Smith
3173,Martin Donovan
3174,Martin Girard
3175,Martin Hynes
3176,Martin Kitrosser
3177,Martin Lawrence
3178,Martin McDonagh
3179,Martin Meader
3180,Martin Scorsese
3181,Martin Stellman
3182,Martine Danot
3183,Marty Kaplan
3184,Marv Wolfman
3185,Mary Agnes Donoghue
3186,Mary Gaitskill
3187,Mary Harron
3188,Mary Mapes
3189,Mary Norton
3190,Mary Rodgers
3191,Mary Ruth Clarke
3192,Mary Shelley
3193,Mary Sweeney
3194,María Belón
3195,Masahiro Hikokubo
3196,Masato Ide
3197,Masayuki Suo
3198,Mateo Garcia
3199,Mateo Gil
3200,Mathieu Kassovitz
3201,Matt Allen
3202,Matt Baglio
3203,Matt Berry
3204,Matt Bondurant
3205,Matt Brown
3206,Matt Charman
3207,Matt Cook
3208,Matt Damon
3209,Matt Drake
3210,Matt Ember
3211,Matt Greenberg
3212,Matt Greenhalgh
3213,Matt Groening
3214,Matt Holloway
3215,Matt Johnson
3216,Matt Lieberman
3217,Matt Lopez
3218,Matt Maiellaro
3219,Matt Manfredi
3220,Matt Reeves
3221,Matt Sazama
3222,Matt Sherring
3223,Matt Stone
3224,Matt Whiteley
3225,Matthew Ballen
3226,Matthew Barr
3227,Matthew Chapman
3228,Matthew Cirulnick
3229,Matthew Faulk
3230,Matthew Fogel
3231,Matthew L. Healy
3232,Matthew Michael Carnahan
3233,Matthew Orton
3234,Matthew Peterman
3235,Matthew Quick
3236,Matthew Robbins
3237,Matthew Robinson
3238,Matthew Sand
3239,Matthew Stone
3240,Matthew Stuecken
3241,Matthew Vaughn
3242,Matthew Walker
3243,Matthew Weisman
3244,Matty Rich
3245,Maureen Mylander
3246,Maurice Chauvet
3247,Maurice G. Dantec
3248,Maurice Richlin
3249,Max Allan Collins
3250,Max Apple
3251,Max Borenstein
3252,Max Botkin
3253,Max D. Adams
3254,Max Joseph
3255,Max Landis
3256,Max Morgan Witts
3257,Max Schott
3258,Max Strom
3259,Max Werner
3260,Maya Forbes
3261,Maziar Bahari
3262,Meaghan Oppenheimer
3263,Meg Cabot
3264,Meg Leonard
3265,Megan Holley
3266,Megan McDonald
3267,Meghan McCarthy
3268,Mel Brooks
3269,Mel Gibson
3270,Melisa Wallack
3271,Melissa Carter
3272,Melissa Goddard
3273,Melissa Martin
3274,Melissa Mathison
3275,Melissa McCarthy
3276,Melissa Rosenberg
3277,Melissa Stack
3278,Menahem Golan
3279,Menno Meyjes
3280,Merian C. Cooper
3281,Micah Fitzerman-Blue
3282,Michael A. Lerner
3283,Michael Allin
3284,Michael Almereyda
3285,Michael Arlen Ross
3286,Michael Arndt
3287,Michael Bacall
3288,Michael Barrie
3289,Michael Begler
3290,Michael Bennett
3291,Michael Berg
3292,Michael Berk
3293,Michael Berry
3294,Michael Blake
3295,Michael Blodgett
3296,Michael Bortman
3297,Michael Brandt
3298,Michael Browning
3299,Michael Burton
3300,Michael Butler
3301,Michael C. Martin
3302,Michael Caleo
3303,Michael Carnes
3304,Michael Chabon
3305,Michael Cimino
3306,Michael Colleary
3307,Michael Colton
3308,Michael Connelly
3309,Michael Cooney
3310,Michael Corrente
3311,Michael Crichton
3312,Michael Cristofer
3313,Michael Cuesta
3314,Michael Cunningham
3315,Michael D. Olmos
3316,Michael D. Weiss
3317,Michael Davis
3318,Michael De Guzman
3319,Michael De Luca
3320,Michael Dick
3321,Michael Diliberti
3322,Michael Dougherty
3323,Michael Dowse
3324,Michael Elliot
3325,Michael Ellis
3326,Michael Ende
3327,Michael Fallon
3328,Michael Ferris
3329,Michael Finch
3330,Michael France
3331,Michael Frayn
3332,Michael Frost Beckner
3333,Michael G. Wilson
3334,Michael Gaylin
3335,Michael Gerbosi
3336,Michael Goldenberg
3337,Michael Gottlieb
3338,Michael Gougis
3339,Michael Grais
3340,Michael Green
3341,Michael H. Weber
3342,Michael Haigney
3343,Michael Handelman
3344,Michael Haneke
3345,Michael Henry Brown
3346,Michael Herr
3347,Michael Hertzberg
3348,Michael Hickey
3349,Michael Hirst
3350,Michael Hoffman
3351,Michael Ian Black
3352,Michael J. Di Gaetano
3353,Michael J. Wilson
3354,Michael Janover
3355,Michael Jelenic
3356,Michael Jenning
3357,Michael Kalesniko
3358,Michael Kane
3359,Michael Konyves
3360,Michael Korda
3361,Michael Koskoff
3362,Michael Kozoll
3363,Michael LaBash
3364,Michael Laughlin
3365,Michael LeSieur
3366,Michael Leeson
3367,Michael Lesslie
3368,Michael Lewis
3369,Michael Love
3370,Michael Lucker
3371,Michael Mahern
3372,Michael Mann
3373,Michael Markowitz
3374,Michael McCullers
3375,Michael McDowell
3376,Michael McKean
3377,Michael McQuown
3378,Michael Miner
3379,Michael Mitnick
3380,Michael Nankin
3381,Michael O'Donoghue
3382,Michael Ondaatje
3383,Michael Palin
3384,Michael Palmer
3385,Michael Part
3386,Michael Patrick King
3387,Michael Pecoriello
3388,Michael Petroni
3389,Michael Polish
3390,Michael Poryes
3391,Michael Pye
3392,Michael R. Perry
3393,Michael Radford
3394,Michael Rasmussen
3395,Michael Reisz
3396,Michael Ritchie
3397,Michael Robert Johnson
3398,Michael Roesch
3399,Michael Samonek
3400,Michael Schiffer
3401,Michael Schwartz
3402,Michael Seitzman
3403,Michael Shaara
3404,Michael Short
3405,Michael Showalter
3406,Michael Sloan
3407,Michael Sloane
3408,Michael Spierig
3409,Michael Steinberg
3410,Michael Stewart
3411,Michael Swerdlick
3412,Michael Thomas
3413,Michael Tolkin
3414,Michael Urban
3415,Michael Vickerman
3416,Michael Wolk
3417,Michel Gondry
3418,Michel Hazanavicius
3419,Michele Alexander
3420,Michele Mulroney
3421,Michelle Bochner Spitz
3422,Michelle Gallagher
3423,Mick Davis
3424,Mick Garris
3425,Mickey Epps
3426,Mickey Rapkin
3427,Miguel Tejada-Flores
3428,Mikael Hed
3429,Mike Bender
3430,Mike Binder
3431,Mike Birbiglia
3432,Mike Cahill
3433,Mike Cerrone
3434,Mike Cheda
3435,Mike Clattenburg
3436,Mike Figgis
3437,Mike Flanagan
3438,Mike Jefferies
3439,Mike Judge
3440,Mike Leigh
3441,Mike Malone
3442,Mike Marvin
3443,Mike McAlary
3444,Mike Mignola
3445,Mike Mills
3446,Mike Myers
3447,Mike Nawrocki
3448,Mike Reiss
3449,Mike Rich
3450,Mike Richardson
3451,Mike Stokey
3452,Mike Thompson
3453,Mike Werb
3454,Mike White
3455,Mikki Daughtry
3456,Mikko Alanne
3457,Miklós László
3458,Milan Kundera
3459,Mildred Cram
3460,Miles Chapman
3461,Miles Millar
3462,Milo Addica
3463,Milos Forman
3464,Milton Wexler
3465,Min-Woo Hyung
3466,Mindy Kaling
3467,Mira Nair
3468,Miranda July
3469,Misan Sagay
3470,Mitch Cullin
3471,Mitch Davis
3472,Mitch Glazer
3473,Mitch Markowitz
3474,Mitch Rotter
3475,Mitchell Kapner
3476,Mitchell Klebanoff
3477,Mitchell Kriegman
3478,Mitchell Peck
3479,Mitchell Zuckoff
3480,Mo Ogrodnik
3481,Moe Jelline
3482,Mogens Rukov
3483,Molly Bloom
3484,Molly Shannon
3485,Mona Simpson
3486,Monica Mcgowan Johnson
3487,Monica Piper
3488,Monte Merrick
3489,Mordecai Richler
3490,Morgan Davis Foehl
3491,Morgan Land
3492,Morgan Ward
3493,Mort Briskin
3494,Mort Nathan
3495,Morton S. Fine
3496,Moshe Diamant
3497,Murray Salem
3498,Muye Zhang
3499,Mya Stark
3500,Myla Goldberg
3501,Myrna Sokoloff
3502,Nacho Cerdà
3503,Nacho Vigalondo
3504,Nadine Labaki
3505,Nadine Schiff
3506,Nagnath S. Inamdar
3507,Nancy Dowd
3508,Nancy Doyne
3509,Nancy Jo Sales
3510,Nancy M. Pimental
3511,Nancy Meyers
3512,Nancy Oliver
3513,Nancy Price
3514,Naomi Foner
3515,Napalee
3516,Nas
3517,Nat Faxon
3518,Nat Hiken
3519,Nat Mauldin
3520,Natalie Babbitt
3521,Natalie Cooper
3522,Nate Parker
3523,Nathan Alexander
3524,Nathan Parker
3525,Nathaniel Hawthorne
3526,Neal Brennan
3527,Neal Israel
3528,Neal Jimenez
3529,Neal Marshall Stevens
3530,Neal Purvis
3531,Neal Shusterman
3532,Neal Tabachnick
3533,Neale Donald Walsch
3534,Neelesh Misra
3535,Neena Beber
3536,Neil Burger
3537,Neil Cuthbert
3538,Neil Gaiman
3539,Neil Gordon
3540,Neil Jordan
3541,Neil LaBute
3542,Neil Levy
3543,Neil Marshall
3544,Neil Peng
3545,Neil Simon
3546,Neil Tolkin
3547,Neill Blomkamp
3548,Neill D. Hicks
3549,Nelson DeMille
3550,Nelson George
3551,Nelson Greaves
3552,Nelson Mandela
3553,Neve Campbell
3554,Newton Thornburg
3555,Nia Vardalos
3556,Niall Johnson
3557,Niall Leonard
3558,Nicholas Conde
3559,Nicholas Griffin
3560,Nicholas Jarecki
3561,Nicholas Kazan
3562,Nicholas Martin
3563,Nicholas Meyer
3564,Nicholas Pileggi
3565,Nicholas Searle
3566,Nicholas Sparks
3567,Nicholas St. John
3568,Nicholas Stoller
3569,Nicholas Thomas
3570,Nichole Millard
3571,Nick Antosca
3572,Nick Bakay
3573,Nick Cassavetes
3574,Nick Castle
3575,Nick Cave
3576,Nick Cuse
3577,Nick Enright
3578,Nick Evans
3579,Nick Frost
3580,Nick Gomez
3581,Nick Hornby
3582,Nick Moorcroft
3583,Nick Park
3584,Nick Pustay
3585,Nick Santora
3586,Nick Schenk
3587,Nick Simon
3588,Nick Swardson
3589,Nick Vallelonga
3590,Nick Villiers
3591,Nico Soultanakis
3592,Nicola Kraus
3593,Nicola Yoon
3594,Nicolas Pesce
3595,Nicolas Winding Refn
3596,Nicolas Wright
3597,Nicole DeMasi
3598,Nicole Eastman
3599,Nicole Holofcener
3600,Nicole Perlman
3601,Nicolás Giacobone
3602,Niels Mueller
3603,Niels Vørsel
3604,Nik Cohn
3605,Niki Caro
3606,Nikita Mikhalkov
3607,Nikki Reed
3608,Nikolai Leskov
3609,Nikolaj Arcel
3610,Nikolaj Frobenius
3611,Nikos Kazantzakis
3612,Nils Gaup
3613,Nimród Antal
3614,Nnegest Likké
3615,Noah Baumbach
3616,Noah Haidle
3617,Noah Harpster
3618,Noah Oppenheim
3619,Noam Dromi
3620,Nobuaki Minegishi
3621,Nona Tyson
3622,Noni White
3623,Nora Ephron
3624,Norm MacDonald
3625,Norman Cohn
3626,Norman J. Grossfeld
3627,Norman Maclean
3628,Norman Snider
3629,Norman Steinberg
3630,O.V. Falck-Ytter
3631,Ol Parker
3632,Olatunde Osunsanmi
3633,Olive Frederickson
3634,Oliver Butcher
3635,Oliver Daly
3636,Oliver Parker
3637,Oliver Sacks
3638,Oliver Stone
3639,Olivia Goldsmith
3640,Olivia Hetreed
3641,Olivia Milch
3642,Olivier Assayas
3643,Olivier Dahan
3644,Olivier Nakache
3645,Ollie Masters
3646,Oren Moverman
3647,Oren Peli
3648,Oren Uziel
3649,Orson Scott Card
3650,Osamu Tezuka
3651,Oscar Fraley
3652,Oscar Hammerstein II
3653,Oscar Hijuelos
3654,Oscar Wilde
3655,Osha Gray Davidson
3656,Ouida
3657,Owen Wilson
3658,Oxide Chun Pang
3659,P.J. Hogan
3660,P.L. Travers
3661,Pablo F. Fenjves
3662,Pam Brady
3663,Pamela Falk
3664,Pamela Gray
3665,Pamela Norris
3666,Pamela Pettler
3667,Pamela Ribon
3668,Pamela Wallace
3669,Panos Cosmatos
3670,Paolo Sorrentino
3671,Parker Bennett
3672,Parnell Hall
3673,Pascal Bruckner
3674,Pat Barker
3675,Pat Bradley
3676,Pat Casey
3677,Pat Conroy
3678,Pat Jordan
3679,Pat Proft
3680,Patch Adams
3681,Patrice Leconte
3682,Patricia Highsmith
3683,Patricia Louisianna Knop
3684,Patricia Resnick
3685,Patricia Rozema
3686,Patrick Cirillo
3687,Patrick Doughtie
3688,Patrick Hasburgh
3689,Patrick J. Clifton
3690,Patrick Lussier
3691,Patrick Marber
3692,Patrick Massett
3693,Patrick McGrath
3694,Patrick Melton
3695,Patrick Million
3696,Patrick Modiano
3697,Patrick Ness
3698,Patrick O'Brian
3699,Patrick O'Neill
3700,Patrick Read Johnson
3701,Patrick Senécal
3702,Patrick Sheane Duncan
3703,Patrick Smith Kelly
3704,Patrick Tobin
3705,Patty Dann
3706,Patty Jenkins
3707,Paul Aaron
3708,Paul Aiello
3709,Paul Apak Angilirq
3710,Paul Attanasio
3711,Paul Auster
3712,Paul B. Stanton
3713,Paul Bassett
3714,Paul Bernbaum
3715,Paul Bowles
3716,Paul Brickman
3717,Paul Caimi
3718,Paul D. Zimmerman
3719,Paul De Mielche
3720,Paul Dinello
3721,Paul Dini
3722,Paul Donovan
3723,Paul Feig
3724,Paul Felopulos
3725,Paul Fisher
3726,Paul Gallico
3727,Paul Germain
3728,Paul Greengrass
3729,Paul Gross
3730,Paul Guay
3731,Paul Guyot
3732,Paul Haggis
3733,Paul Harris Boardman
3734,Paul Henning
3735,Paul Hernandez
3736,Paul Hogan
3737,Paul Kimatian
3738,Paul King
3739,Paul Lalonde
3740,Paul Levine
3741,Paul Lieberman
3742,Paul Lovett
3743,Paul Mayeda Berges
3744,Paul Mazursky
3745,Paul McCartney
3746,Paul Michael Glaser
3747,Paul Mooney
3748,Paul Ohl
3749,Paul Pender
3750,Paul Pepperman
3751,Paul Reubens
3752,Paul Rudnick
3753,Paul Scheuring
3754,Paul Schrader
3755,Paul Slansky
3756,Paul Tamasy
3757,Paul Theroux
3758,Paul Thomas Anderson
3759,Paul Verhoeven
3760,Paul W. Downs
3761,Paul W. Shapiro
3762,Paul W.S. Anderson
3763,Paul Webb
3764,Paul Weitz
3765,Paul Wernick
3766,Paul Yurick
3767,Paul Zbyszewski
3768,Paul Zindel
3769,Paula Gosling
3770,Paula Hawkins
3771,Paula Mazur
3772,Paula Milne
3773,Paula Pell
3774,Paulo Lins
3775,Pavel Chukhray
3776,Pawel Pawlikowski
3777,Pedro Almodóvar
3778,Peigong Wang
3779,Pen Densham
3780,Penelope Fitzgerald
3781,Penelope Spheeris
3782,Pepe Portillo
3783,Perry Howze
3784,Pete Docter
3785,Pete Goldfinger
3786,Pete Jones
3787,Pete McCormack
3788,Peter A. Dowling
3789,Peter Abrahams
3790,Peter Ackerman
3791,Peter Allen
3792,Peter Atkins
3793,Peter Aykroyd
3794,Peter Barsocchini
3795,Peter Baynham
3796,Peter Benchley
3797,Peter Berg
3798,Peter Bratt
3799,Peter Buchman
3800,Peter Carey
3801,Peter Chiarelli
3802,Peter Cook
3803,Peter Crabbe
3804,Peter Craig
3805,Peter Dexter
3806,Peter Farrelly
3807,Peter Filardi
3808,Peter Gaulke
3809,Peter Greenaway
3810,Peter Griffiths
3811,Peter Handke
3812,Peter Hedges
3813,Peter Howitt
3814,Peter Huyck
3815,Peter Hyams
3816,Peter Høeg
3817,Peter Jackson
3818,Peter Kassovitz
3819,Peter Laird
3820,Peter Landesman
3821,Peter Lepeniotis
3822,Peter Lord
3823,Peter M. Cohen
3824,Peter M. Lenkov
3825,Peter Masterson
3826,Peter Matthiessen
3827,Peter Mayle
3828,Peter Morgan
3829,Peter Powell
3830,Peter Prince
3831,Peter Rader
3832,Peter S. Beagle
3833,Peter S. Seaman
3834,Peter Sagal
3835,Peter Sauder
3836,Peter Schink
3837,Peter Shaffer
3838,Peter Sohn
3839,Peter Sollett
3840,Peter Spierig
3841,Peter Steinfeld
3842,Peter Stone
3843,Peter Straughan
3844,Peter Tolan
3845,Peter Turner
3846,Peter Viertel
3847,Peter Weir
3848,Peter Young
3849,Petter Skavlan
3850,Phil Alden Robinson
3851,Phil Berger
3852,Phil Hartman
3853,Phil Hay
3854,Phil Johnston
3855,Phil Lord
3856,Phil Sears
3857,Phil Vischer
3858,Philip Eisner
3859,Philip Halprin
3860,Philip K. Dick
3861,Philip Kaufman
3862,Philip Koch
3863,Philip LaZebnik
3864,Philip Pullman
3865,Philip Railsback
3866,Philip Roth
3867,Philip Shelby
3868,Philip Stark
3869,Philip de Blasi
3870,Philipa A. Booyens
3871,Philippa Boyens
3872,Philippa Gregory
3873,Philippe Caland
3874,Philippe Djian
3875,Philippe Pozzo di Borgo
3876,Phillip Jayson Lasker
3877,Phillip Rhee
3878,Phillip Schneider
3879,Phoebe Gloeckner
3880,Phoebe Kaylor
3881,Phoef Sutton
3882,Phyllis Nagy
3883,Pierce Gardner
3884,Pierre Billon
3885,Pierre Boileau
3886,Pierre Boulle
3887,Pierre Christin
3888,Pierre Falardeau
3889,Pierre Salvadori
3890,Pierre Schoendoerffer
3891,Pierre-Yves Bernard
3892,Piers Paul Read
3893,Piers du Pré
3894,Pik Wah Lee
3895,Piyaros Thongdee
3896,Piyush Gupta
3897,Piyush Mishra
3898,Pj Torokvei
3899,Prakash Kapadia
3900,Preston A. Whitmore II
3901,Preston Sturges
3902,Puri Jagannadh
3903,Quentin Tarantino
3904,Qun Dong
3905,R. Christopher Murphy
3906,R. Lance Hill
3907,R. Lee Fleming Jr.
3908,R.J. Stewart
3909,RZA
3910,Rachel Boynton
3911,Rachel Cohn
3912,Rachel Koretsky
3913,Rachel Talalay
3914,Rae Lambert
3915,Rafael Moreu
3916,Rafael Yglesias
3917,Rajiv Chandrasekaran
3918,Rajiv Joseph
3919,Rajkumar Hirani
3920,Rakesh Roshan
3921,Ralph Farquhar
3922,Ralph Sall
3923,Rama Laurie Stagner
3924,Ramin Bahrani
3925,Ramón Menéndez
3926,Ranald MacDougall
3927,Rand Ravich
3928,Randall Jahnson
3929,Randall McCormick
3930,Randall Miller
3931,Randall Wallace
3932,Randi Barnes
3933,Randi Mayem Singer
3934,Randy Brown
3935,Randy Feldman
3936,Randy Howze
3937,Randy Kornfield
3938,Randy Pearlstein
3939,Randy Sue Coburn
3940,Randy T. Dinzler
3941,Ransom Riggs
3942,Ranulph Fiennes
3943,Rasmus Heisterberg
3944,Rawson Marshall Thurber
3945,Ray 'Cory' Daniels
3946,Ray Bradbury
3947,Ray Nelson
3948,Ray Wright
3949,Raymond Carver
3950,Raymond De Felitta
3951,Raynold Gideon
3952,Rebecca Lenkiewicz
3953,Rebecca Sonnenshine
3954,Rebecca Wells
3955,Reema Kagti
3956,Reggie Rock Bythewood
3957,Reginald Hudlin
3958,Reginald Rose
3959,Reid Carolin
3960,Renny Harlin
3961,René Brisebois
3962,René Fauchois
3963,René Goscinny
3964,René Wheeler
3965,Reuben Bercovitch
3966,Rex Pickett
3967,Rhett Reese
3968,Rian Johnson
3969,Ric Gibbs
3970,Ric Menello
3971,Ric Roman Waugh
3972,Rich Christiano
3973,Rich Moore
3974,Rich Wilkes
3975,Richard Bedser
3976,Richard Blake
3977,Richard Boyle
3978,Richard Brooks
3979,Richard Burridge
3980,Richard C. Morais
3981,Richard Chapman
3982,Richard Christian Danus
3983,Richard Christian Matheson
3984,Richard Condon
3985,Richard Curtis
3986,Richard D'Ovidio
3987,Richard Dutcher
3988,Richard Ellmann
3989,Richard Epcar
3990,Richard Eyre
3991,Richard Friedenberg
3992,Richard Glatzer
3993,Richard Hatem
3994,Richard Herley
3995,Richard Hough
3996,Richard Kelly
3997,Richard LaGravenese
3998,Richard Lanni
3999,Richard Lederer
4000,Richard Linklater
4001,Richard Loncraine
4002,Richard Maibaum
4003,Richard Maltby Jr.
4004,Richard Marquand
4005,Richard Matheson
4006,Richard Maxwell
4007,Richard N. Goodwin
4008,Richard Neely
4009,Richard Outten
4010,Richard P. Henrick
4011,Richard Phillips
4012,Richard Piers Rayner
4013,Richard Price
4014,Richard Pryor
4015,Richard Recco
4016,Richard Rich
4017,Richard Rothstein
4018,Richard Rush
4019,Richard Russo
4020,Richard Sale
4021,Richard Shepard
4022,Richard Smith
4023,Richard Stanley
4024,Richard Starzak
4025,Richard Stratton
4026,Richard Wenk
4027,Richard Wesley
4028,Richard Woodley
4029,Richard Wright
4030,Richard Yates
4031,Richelle Mead
4032,Rick Alvarez
4033,Rick Berman
4034,Rick Dahl
4035,Rick Elice
4036,Rick Famuyiwa
4037,Rick Jaffa
4038,Rick King
4039,Rick Moody
4040,Rick Moranis
4041,Rick Natkin
4042,Rick Reilly
4043,Rick Riordan
4044,Rick Rosner
4045,Rick Seaman
4046,Rick Stempson
4047,Ricky Gervais
4048,Ricou Browning
4049,Rik Swartzwelder
4050,Rita Hsiao
4051,Rita M. Fink
4052,Rita Rudner
4053,Ritesh Batra
4054,Roald Dahl
4055,Rob Greenberg
4056,Rob Hardy
4057,Rob Hayes
4058,Rob Hedden
4059,Rob Letterman
4060,Rob Levine
4061,Rob Lieber
4062,Rob McKittrick
4063,Rob Perez
4064,Rob Reiner
4065,Rob Schneider
4066,Rob Schrab
4067,Rob Sprackling
4068,Rob Thomas
4069,Rob Zombie
4070,Robb Cullen
4071,Robb Wells
4072,Robb White
4073,Robbie Fox
4074,Robby London
4075,Robert A. Heinlein
4076,Robert Abramoff
4077,Robert Adetuyi
4078,Robert Altman
4079,Robert B. Weide
4080,Robert Baer
4081,Robert Ben Garant
4082,Robert Bentley
4083,Robert Benton
4084,Robert Berger
4085,Robert Bloch
4086,Robert Bolt
4087,Robert C. O'Brien
4088,Robert C. Ramirez
4089,Robert C. Thompson
4090,Robert Carlock
4091,Robert Caswell
4092,Robert Clouse
4093,Robert Collector
4094,Robert Crais
4095,Robert D. San Souci
4096,Robert Daley
4097,Robert Damon Schneck
4098,Robert Dillon
4099,Robert Dunn
4100,Robert Duvall
4101,Robert E. Howard
4102,Robert E. Sherwood
4103,Robert Eggers
4104,Robert Eisele
4105,Robert Engels
4106,Robert Farrar
4107,Robert Festinger
4108,Robert Foreman
4109,Robert Foster
4110,Robert Fyvolent
4111,Robert Gallagher
4112,Robert Garland
4113,Robert Gordon
4114,Robert Gosnell
4115,Robert Graysmith
4116,Robert Grossbach
4117,Robert Guza Jr.
4118,Robert Hamner
4119,Robert Harling
4120,Robert Harris
4121,Robert J. Avrech
4122,Robert Jaffe
4123,Robert James Waller
4124,Robert Jay Litz
4125,Robert Kaplow
4126,Robert Kaylor
4127,Robert King
4128,Robert Klane
4129,Robert Knott
4130,Robert Kraft
4131,Robert Kuhn
4132,Robert Kurtz
4133,Robert Kurtzman
4134,Robert L. Baird
4135,Robert L. Levy
4136,Robert Lence
4137,Robert Lindsey
4138,Robert Littell
4139,Robert LoCash
4140,Robert Louis Stevenson
4141,Robert Ludlum
4142,Robert Mark Kamen
4143,Robert Mason
4144,Robert Mazur
4145,Robert Moreland
4146,Robert Nathan
4147,Robert Nelson Jacobs
4148,Robert Penn Warren
4149,Robert Pucci
4150,Robert Ramsey
4151,Robert Reneau
4152,Robert Resnikoff
4153,Robert Riskin
4154,Robert Rodat
4155,Robert Rodriguez
4156,Robert Roy Pool
4157,Robert Schenkkan
4158,Robert Shallcross
4159,Robert Sheckley
4160,Robert Siegel
4161,Robert Smigel
4162,Robert Souza
4163,Robert Stitzel
4164,Robert T. Megginson
4165,Robert Towne
4166,Robert Townsend
4167,Robert Vince
4168,Robert Vincent O'Neil
4169,Robert Wade
4170,Robert Wolterstorff
4171,Robert Zemeckis
4172,Roberto Aguirre-Sacasa
4173,Roberto Benigni
4174,Roberto Loyola
4175,Roberto Orci
4176,Roberts Gannaway
4177,Robin Bhatt
4178,Robin Bissell
4179,Robin Cook
4180,Robin Hanley
4181,Robin Lyons
4182,Robin Moore
4183,Robin Swicord
4184,Robin U. Russin
4185,Rocco Urbisci
4186,Rock Reuben
4187,Rockne S. O'Bannon
4188,Rocky Russo
4189,Rod Amateau
4190,Rod Browning
4191,Rod Lurie
4192,Roddy Doyle
4193,Roderick Taylor
4194,Roderick Thorp
4195,Rodney Dangerfield
4196,Rodney Patrick Vaccaro
4197,Rodney Rothman
4198,Rodo Sayagues
4199,Rodrigo García
4200,Roger Avary
4201,Roger Donaldson
4202,Roger Kumble
4203,Roger L. Simon
4204,Roger Rueff
4205,Roger S. Baum
4206,Roger Spottiswoode
4207,Roger Swaybill
4208,Roger Towne
4209,Roger Vaughan
4210,Roger Waters
4211,Rohit Dhawan
4212,Roi Cooper Megrue
4213,Roland Emmerich
4214,Roland Joffé
4215,Roman Coppola
4216,Roman Polanski
4217,Ron Burch
4218,Ron Clark
4219,Ron Clements
4220,Ron Cutler
4221,Ron Friedman
4222,Ron Hall
4223,Ron Hansen
4224,Ron Howard
4225,Ron J. Friedman
4226,Ron Koslow
4227,Ron Kovic
4228,Ron Krauss
4229,Ron Kurz
4230,Ron L. Brinkerhoff
4231,Ron Maxwell
4232,Ron Milbauer
4233,Ron Mita
4234,Ron Nyswaner
4235,Ron Osborn
4236,Ron Peer
4237,Ron Shelton
4238,Ron Yanover
4239,Ronald Bass
4240,Ronald Bronstein
4241,Ronald D. Moore
4242,Ronald Harwood
4243,Ronald Lang
4244,Ronald Roose
4245,Ronald Shusett
4246,Ronan Bennett
4247,Ronnie Christensen
4248,Ronnie Del Carmen
4249,Ronny Graham
4250,Rory Stewart Kinnear
4251,Rosalie Ham
4252,Rosalind Wiseman
4253,Rose Bosch
4254,Rose Tremain
4255,Rose Troche
4256,Rosellen Brown
4257,Rosemary Sutcliff
4258,Rospo Pallenberg
4259,Ross Bagdasarian
4260,Ross LaManna
4261,Ross Macdonald
4262,Ross Thomas
4263,Rowan Atkinson
4264,Rowan Joffe
4265,Rowdy Herrington
4266,Roy Blount Jr.
4267,Roy Carlson
4268,Roy Huggins
4269,Roy Moore
4270,Roy Thomas
4271,Rubin 'Hurricane' Carter
4272,Rudolph Grey
4273,Rudy De Luca
4274,Rudy Ricci
4275,Rudy Wurlitzer
4276,Rudyard Kipling
4277,Rupert Walters
4278,Rupert Wyatt
4279,Russell Banks
4280,Russell Gewirtz
4281,Russell Holt
4282,Rustam Ibragimbekov
4283,Rusty Cundieff
4284,Ruth Prawer Jhabvala
4285,Ruth Rose
4286,Ryan Coogler
4287,Ryan Engle
4288,Ryan Fleck
4289,Ryan J. Condal
4290,Ryan Morrison
4291,Ryan Murphy
4292,Ryan Rowe
4293,Ryne Douglas Pearson
4294,Ryôzô Kasahara
4295,Ryûzô Kikushima
4296,S.E. Hinton
4297,S.J. Watson
4298,S.N. Warren
4299,S.S. Rajamouli
4300,S.S. Wilson
4301,Sabir Khan
4302,Sabrina B. Karine
4303,Sabrina Dhawan
4304,Sacha Baron Cohen
4305,Sacha Gervasi
4306,Sachin Bhowmick
4307,Saiwyn Quadras
4308,Sajid
4309,Sajid Ali
4310,Sajid Khan
4311,Sally Potter
4312,Salvador Paskowitz
4313,Sam Chaiton
4314,Sam Dolnick
4315,Sam Egan
4316,Sam Hamm
4317,Sam Harper
4318,Sam Lake
4319,Sam Levinson
4320,Sam Mendes
4321,Sam Raimi
4322,Sam Schreiber
4323,Sam Shepard
4324,Sam Simon
4325,Sam Sorbo
4326,Samuel A. Taylor
4327,Samuel Fuller
4328,Samuel W. Taylor
4329,Sandra Nettelbeck
4330,Sandra Weintraub
4331,Sandy Kroopf
4332,Sang-ho Yeon
4333,Sang-ok Shin
4334,Sanjay Chhel
4335,Sanjay Gupta
4336,Sanjay Leela Bhansali
4337,Santiago Limón
4338,Sanyuktha Chawla Shaikh
4339,Sapphire
4340,Sara B. Cooper
4341,Sara Gruen
4342,Sara Parriott
4343,Sarah Bird
4344,Sarah Cornwell
4345,Sarah Dessen
4346,Sarah Haskins
4347,Sarah Kernochan
4348,Sarah Polley
4349,Sarah Smith
4350,Sarah Thorp
4351,Sarah Waters
4352,Saratchandra Chatterjee
4353,Sarfraz Manzoor
4354,Saroo Brierley
4355,Satoshi Tajiri
4356,Scot Armstrong
4357,Scott Abbott
4358,Scott Alexander
4359,Scott B. Smith
4360,Scott Beck
4361,Scott Bindley
4362,Scott Cooper
4363,Scott Derrickson
4364,Scott Frank
4365,Scott Hicks
4366,Scott Kosar
4367,Scott Lawrence Alexander
4368,Scott Lobdell
4369,Scott M. Gimple
4370,Scott Marshall Smith
4371,Scott McGehee
4372,Scott McPherson
4373,Scott Moore
4374,Scott Mosier
4375,Scott Myers
4376,Scott Neustadter
4377,Scott Parker
4378,Scott Rosenberg
4379,Scott Rothman
4380,Scott Silver
4381,Scott Sommer
4382,Scott Spiegel
4383,Scott Stabile
4384,Scott Stewart
4385,Scott Turow
4386,Scott Windhauser
4387,Scott Wiper
4388,Scott Yagemann
4389,Scott Z. Burns
4390,Scotty Landes
4391,Sean Anders
4392,Sean Baker
4393,Sean Finegan
4394,Sean Flynn
4395,Sean Hood
4396,Sean Macaulay
4397,Sean McNamara
4398,Sean Moynihan
4399,Sean O'Byrne
4400,Sean Penn
4401,Sebastian Gutierrez
4402,Sebastian Junger
4403,Sebastian del Amo
4404,Sebastián Lelio
4405,Seo-kyeong Jeong
4406,Serge Joncour
4407,Sergei Bodrov
4408,Sergey Snezhkin
4409,Sergio Arau
4410,Sergio Donati
4411,Sergio G. Sánchez
4412,Seth Bass
4413,Seth Grahame-Smith
4414,Seth Hoffman
4415,Seth Lochhead
4416,Seth M. Sherwood
4417,Seth MacFarlane
4418,Seth Margolis
4419,Seth Rogen
4420,Seth W. Owen
4421,Sev Ohanian
4422,Shabbir Ahmed
4423,Shana Feste
4424,Shana Larsen
4425,Shane Acker
4426,Shane Atkinson
4427,Shane Black
4428,Shane Connaughton
4429,Shane Salerno
4430,Shannon Hale
4431,Sharon Riis
4432,Shauna Cross
4433,Shawn Christensen
4434,Shawn Harwell
4435,Shawn Rasmussen
4436,Shawn Schepps
4437,Shawn Slovo
4438,Shawn Wayans
4439,Shay Hatten
4440,Shayne Armstrong
4441,Sheena Parikh
4442,Sheldon Lettich
4443,Sheldon Turner
4444,Shell Danielson
4445,Shepard Abbott
4446,Sherman Alexie
4447,Sherri Stoner
4448,Sherry Mills
4449,Sherry White
4450,Sherwood Schwartz
4451,Sheryl Leach
4452,Sheryl Longin
4453,Shibani Bathija
4454,Shinobu Hashimoto
4455,Shintaro Shimosawa
4456,Shirl Hendryx
4457,Shirley Jackson
4458,Shirow Masamune
4459,Shonda Rhimes
4460,Shrabani Basu
4461,Shreyas Jain
4462,Shuki Levy
4463,Siddharth Anand
4464,Siddiq Barmak
4465,Sidney Lumet
4466,Silvio Horta
4467,Simon Barrett
4468,Simon Beaufoy
4469,Simon Blackwell
4470,Simon Brett
4471,Simon Farnaby
4472,Simon Kelton
4473,Simon Kinberg
4474,Simon Michaël
4475,Simon Monjack
4476,Simon Moore
4477,Simon Pegg
4478,Simon Wells
4479,Skip Hollandsworth
4480,Skip Woods
4481,Slavomir Rawicz
4482,Sngmoo Lee
4483,Sofia Coppola
4484,Solomon Northup
4485,Sonny Mallhi
4486,Sooni Taraporevala
4487,Sooraj R. Barjatya
4488,Sophia Takal
4489,Spice Girls
4490,Spike Feresten
4491,Spike Jonze
4492,Spike Lee
4493,Stacey Harman
4494,Stacey Menear
4495,Stacy Peralta
4496,Stacy Sherman
4497,Stan Lee
4498,Stan Seidel
4499,Stanford Sherman
4500,Stanislaw Lem
4501,Stanley Kubrick
4502,Stanley Mann
4503,Stanley Shapiro
4504,Stanley Tucci
4505,Stanley Weiser
4506,Stefan Ruzowitzky
4507,Stefan Zweig
4508,Stefanie Zweig
4509,Stel Pavlou
4510,Stella Meghie
4511,Step Tyner
4512,Steph Lady
4513,Stephan Blinn
4514,Stephan Elliott
4515,Stephen A. Miller
4516,Stephen Beresford
4517,Stephen Carpenter
4518,Stephen Chbosky
4519,Stephen Chin
4520,Stephen Chow
4521,Stephen Colbert
4522,Stephen Coonts
4523,Stephen Cornwell
4524,Stephen Gaghan
4525,Stephen Glantz
4526,Stephen Hamel
4527,Stephen Hillenburg
4528,Stephen Hunter
4529,Stephen J. Anderson
4530,Stephen J. Rivele
4531,Stephen Kay
4532,Stephen Kendrick
4533,Stephen King
4534,Stephen Koepp
4535,Stephen Leather
4536,Stephen Levy
4537,Stephen M. Ryder
4538,Stephen Mazur
4539,Stephen McCauley
4540,Stephen McEveety
4541,Stephen McFeely
4542,Stephen McPherson
4543,Stephen Merchant
4544,Stephen Metcalfe
4545,Stephen Milburn Anderson
4546,Stephen P. Lindsey
4547,Stephen Peters
4548,Stephen Rebello
4549,Stephen Schiff
4550,Stephen Singular
4551,Stephen Sommers
4552,Stephen Susco
4553,Stephen Trask
4554,Stephen Volk
4555,Stephen White
4556,Stephen Whitestone
4557,Stephenie Meyer
4558,Steve Adams
4559,Steve Antin
4560,Steve Armour
4561,Steve Barancik
4562,Steve Barron
4563,Steve Bencich
4564,Steve Bing
4565,Steve Bloom
4566,Steve Box
4567,Steve Carell
4568,Steve Conrad
4569,Steve Coogan
4570,Steve De Jarnatt
4571,Steve Ditko
4572,Steve Faber
4573,Steve Feke
4574,Steve Franks
4575,Steve Galluccio
4576,Steve Gerber
4577,Steve Glenn
4578,Steve Gordon
4579,Steve Kloves
4580,Steve Koren
4581,Steve Levitt
4582,Steve Lopez
4583,Steve LuKanic
4584,Steve MacManus
4585,Steve Martin
4586,Steve McQueen
4587,Steve Meerson
4588,Steve Moore
4589,Steve Niles
4590,Steve Oedekerk
4591,Steve Ransohoff
4592,Steve Rudnick
4593,Steve Saint Leger
4594,Steve Shagan
4595,Steve Shibuya
4596,Steve Tesich
4597,Steve Zacharias
4598,Steven Altiere
4599,Steven Brill
4600,Steven E. de Souza
4601,Steven Feinberg
4602,Steven Gary Banks
4603,Steven Grant
4604,Steven Hager
4605,Steven Kampmann
4606,Steven Katz
4607,Steven Knight
4608,Steven Lisberger
4609,Steven McKay
4610,Steven Melching
4611,Steven Millhauser
4612,Steven Moffat
4613,Steven Naifeh
4614,Steven P. Wegner
4615,Steven Paul
4616,Steven Peros
4617,Steven Pressfield
4618,Steven Rogers
4619,Steven S. DeKnight
4620,Steven Seagal
4621,Steven Siegel
4622,Steven Smith
4623,Steven Soderbergh
4624,Steven Spielberg
4625,Steven W. Carabatsos
4626,Steven Zaillian
4627,Steven-Charles Jaffe
4628,Stevie Long
4629,Stewart Harding
4630,Stewart Raffill
4631,Stewart Schill
4632,Stieg Larsson
4633,Stiles White
4634,Stirling Silliphant
4635,Stu Krieger
4636,Stu Silver
4637,Stuart Beattie
4638,Stuart Blumberg
4639,Stuart Gillard
4640,Stuart Gordon
4641,Stéphane Cabel
4642,Subhash Ghai
4643,Sue Miller
4644,Sue Monk Kidd
4645,Sue Smith
4646,Sujeeth
4647,Susan Cooper
4648,Susan Estelle Jansen
4649,Susan Gauthier
4650,Susan Hill
4651,Susan McMartin
4652,Susan Minot
4653,Susan Orlean
4654,Susan Sandler
4655,Susan Scranton
4656,Susan Shilliday
4657,Susan Williams
4658,Susanna Fogel
4659,Susanna Kaysen
4660,Susanna Moore
4661,Susannah Grant
4662,Susanne Bier
4663,Suzan-Lori Parks
4664,Suzanne Collins
4665,Suzanne O'Malley
4666,Swanand Kirkire
4667,Sy Richardson
4668,Sydney Newman
4669,Sylvain Chomet
4670,Sylvester Stallone
4671,Sylvia Anderson
4672,Sylvia Nasar
4673,Sylvie Bouchard
4674,Sébastien Japrisot
4675,T. Coraghessan Boyle
4676,T.D. Jakes
4677,T.J. Dawe
4678,T.J. Fixman
4679,T.J. Mancini
4680,T.S. Nowlin
4681,Tab Murphy
4682,Tai-lee Chan
4683,Taika Waititi
4684,Takashi Bufford
4685,Takashi Nishiyama
4686,Takashi Shimizu
4687,Takeo Murata
4688,Takeshi Shudo
4689,Tamara Chestna
4690,Tamara Jenkins
4691,Tan Cheung
4692,Tani Basu
4693,Tarell Alvin McCraney
4694,Tarun Mansukhani
4695,Tate Taylor
4696,Tatiana De Rosnay
4697,Taylor Allen
4698,Taylor Hackford
4699,Taylor Sheridan
4700,Ted Chiang
4701,Ted Dekker
4702,Ted Elliott
4703,Ted Griffin
4704,Ted Leighton
4705,Ted Lewis
4706,Ted Perkins
4707,Ted Tally
4708,Tegan West
4709,Telsche Boorman
4710,Temple Mathews
4711,Terence Berden
4712,Terence Davies
4713,Terence Marsh
4714,Terence Winter
4715,Teresa Tucker-Davies
4716,Terrence Malick
4717,Terrence McNally
4718,Terri Hughes Burton
4719,Terri Tatchell
4720,Terry Anderson
4721,Terry Black
4722,Terry George
4723,Terry Gilliam
4724,Terry Hayes
4725,Terry McMillan
4726,Terry Rossio
4727,Terry Runte
4728,Terry Sweeney
4729,Tetsurô Sayama
4730,Theo Pelletier
4731,Theodor Koch-Grünberg
4732,Theodore Melfi
4733,Theodore Simonson
4734,Theodore Witcher
4735,Theresa Rebeck
4736,Thierry Jonquet
4737,Thierry Lhermitte
4738,Thom Eberhardt
4739,Thom Enriquez
4740,Thom Keyes
4741,Thomas Babe
4742,Thomas Baum
4743,Thomas Bezucha
4744,Thomas Bidegain
4745,Thomas Cobb
4746,Thomas Cullinan
4747,Thomas Dean Donnelly
4748,Thomas Eidson
4749,Thomas Hardy
4750,Thomas Harris
4751,Thomas Hedley Jr.
4752,Thomas Hunter
4753,Thomas Ian Griffith
4754,Thomas Keneally
4755,Thomas Lee Wright
4756,Thomas Lennon
4757,Thomas Malory
4758,Thomas Meehan
4759,Thomas Narcejac
4760,Thomas Pynchon
4761,Thomas R. Wolfe
4762,Thomas Rickman
4763,Thomas Rockwell
4764,Thomas Vinterberg
4765,Tiffany Paulsen
4766,Tim Burns
4767,Tim Burton
4768,Tim Chambers
4769,Tim Crothers
4770,Tim Disney
4771,Tim Federle
4772,Tim Firth
4773,Tim Grayem
4774,Tim Herlihy
4775,Tim John
4776,Tim Kazurinsky
4777,Tim Kelleher
4778,Tim LaHaye
4779,Tim McCanlies
4780,Tim Meadows
4781,Tim Metcalfe
4782,Tim Rasmussen
4783,Tim Rice
4784,Tim Robbins
4785,Tim Sullivan
4786,Timothy A. Chey
4787,Timothy Dowling
4788,Timothy Harris
4789,Timothy J. Sexton
4790,Timothy Scott Bogart
4791,Timur Bekmambetov
4792,Tina Fey
4793,Tina Gordon
4794,Tina Turner
4795,Tobe Hooper
4796,Tobias Iaconis
4797,Toby Emmerich
4798,Toby Halbrooks
4799,Toby Young
4800,Tod Williams
4801,Todd Alcott
4802,Todd Baird
4803,Todd Berger
4804,Todd Boyd
4805,Todd Casey
4806,Todd Edwards
4807,Todd Farmer
4808,Todd Field
4809,Todd Gerelds
4810,Todd Graff
4811,Todd Haynes
4812,Todd Komarnicki
4813,Todd Lincoln
4814,Todd Louiso
4815,Todd McFarlane
4816,Todd Phillips
4817,Todd Robinson
4818,Todd Solondz
4819,Todd Strasser
4820,Tom Benedek
4821,Tom Bleecker
4822,Tom Brady
4823,Tom Butterworth
4824,Tom Clancy
4825,Tom Cruise
4826,Tom Davis
4827,Tom DeSanto
4828,Tom DiCillo
4829,Tom Engelman
4830,Tom Epperson
4831,Tom Eyen
4832,Tom Flynn
4833,Tom Ford
4834,Tom Gormican
4835,Tom Green
4836,Tom Hanks
4837,Tom Holland
4838,Tom Hooper
4839,Tom J. Astle
4840,Tom Jankiewicz
4841,Tom Lazarus
4842,Tom Leopold
4843,Tom Matthews
4844,Tom McCarthy
4845,Tom McLoughlin
4846,Tom Nursall
4847,Tom O'Connor
4848,Tom Perrotta
4849,Tom Rob Smith
4850,Tom Robbins
4851,Tom Ropelewski
4852,Tom Rowe
4853,Tom S. Parker
4854,Tom Savage
4855,Tom Schulman
4856,Tom Sherohman
4857,Tom Sierchio
4858,Tom Stoppard
4859,Tom Sullivan
4860,Tom Szollosi
4861,Tom Topor
4862,Tom Tykwer
4863,Tom Vaughan
4864,Tom Wheeler
4865,Tom Wolfe
4866,Tommy Chong
4867,Tommy Lee Jones
4868,Tommy Lee Wallace
4869,Tommy Swerdlow
4870,Tommy Wirkola
4871,Toni Ann Johnson
4872,Toni Morrison
4873,Tonino Benacquista
4874,Tony Briggs
4875,Tony Gayton
4876,Tony Gilroy
4877,Tony Griffin
4878,Tony Kushner
4879,Tony Leondis
4880,Tony McNamara
4881,Tony Mendez
4882,Tony Puryear
4883,Tony Richardson
4884,Tony Spiridakis
4885,Tony Vitale
4886,Topper Carew
4887,Topper Lilien
4888,Tori Tellem
4889,Toshirô Ishidô
4890,Tracey Jackson
4891,Tracy Chevalier
4892,Tracy Keenan Wynn
4893,Tracy Letts
4894,Tracy Oliver
4895,Tracy Tormé
4896,Travis Beacham
4897,Travis Cluff
4898,Travis Milloy
4899,Travis Walton
4900,Travis Wright
4901,Trevor Griffiths
4902,Trevor Moore
4903,Trey Callaway
4904,Trey Edward Shults
4905,Trey Parker
4906,Tripper Clancy
4907,Tristan Carné
4908,Trivikram Srinivas
4909,Troy Duffy
4910,Troy Kennedy-Martin
4911,Troy Neighbors
4912,Turi Meyer
4913,Tushar Hiranandani
4914,Tyger Williams
4915,Tyler Burton Smith
4916,Tyler Nilson
4917,Tyler Perry
4918,Ulf Ryberg
4919,Umberto Eco
4920,Upton Sinclair
4921,Vadim Perelman
4922,Vakkantham Vamsi
4923,Valerie Curtin
4924,Valerie Martin
4925,Valerie Tripp
4926,Van Robichaux
4927,Vance Gerry
4928,Vanessa Taylor
4929,Vasan Bala
4930,Vasiliy Grossman
4931,Vendela Vida
4932,Vera Blasi
4933,Vera Chapman
4934,Vernon Lynch
4935,Vicente Leñero
4936,Vicki Polon
4937,Victor Colicchio
4938,Victor Hugo
4939,Victor Levin
4940,Victor Miller
4941,Victor Nunez
4942,Victor Salva
4943,Victor Surge
4944,Vidhu Vinod Chopra
4945,Vijay Krishna Acharya
4946,Vijayendra Prasad
4947,Vikas Swarup
4948,Vince Di Meglio
4949,Vince Gilligan
4950,Vince Locke
4951,Vince McKewin
4952,Vince Vaughn
4953,Vincent D'Onofrio
4954,Vincent Gallo
4955,Vincent Paronnaud
4956,Vincent Patrick
4957,Vincenzo Cerami
4958,Vincenzo Natali
4959,Vipul Binjola
4960,Virginia Korus Spragg
4961,Virginia Woolf
4962,Vishal Dadlani
4963,Vladimir Nabokov
4964,Vlas Parlapanides
4965,Vy Vincent Ngo
4966,W. Blake Herron
4967,W. Bruce Cameron
4968,W. Peter Iliff
4969,W. Somerset Maugham
4970,W. William Winokur
4971,W.D. Richter
4972,W.R. McKinney
4973,Wade Cummins
4974,Wade Davis
4975,Wajdi Mouawad
4976,Wallace Wolodarsky
4977,Walon Green
4978,Walter B. Gibson
4979,Walter Campbell
4980,Walter Doniger
4981,Walter F. Parkes
4982,Walter Hill
4983,Walter Isaacson
4984,Walter Kirn
4985,Walter Mosley
4986,Walter Murch
4987,Walter Tevis
4988,Walter Wager
4989,Warren Adler
4990,Warren Beatty
4991,Warren Chaney
4992,Warren Leight
4993,Warren Lewis
4994,Wash Westmoreland
4995,Washington Irving
4996,Wayne Allan Rice
4997,Wayne Beach
4998,Wayne Conley
4999,Wayne Crawford
5000,Wayne Kramer
5001,Wayne Smith
5002,Wayne Wang
5003,Wendell Wellman
5004,Wendy Wasserstein
5005,Wendy Wells
5006,Wentworth Miller
5007,Werner Herzog
5008,Wes Anderson
5009,Wes Craven
5010,Wes Tooke
5011,Wesley Strick
5012,Whit Stillman
5013,Whitley Strieber
5014,Whitney Otto
5015,Wil Haygood
5016,Wil Shriner
5017,Will Beall
5018,Will Conroy
5019,Will Eisner
5020,Will Ferrell
5021,Will Fetters
5022,Will Finn
5023,Will Forte
5024,Will Gluck
5025,Will Hayes
5026,Will McRobb
5027,Will Packer
5028,Will Reiser
5029,Will Rokos
5030,Will Stewart
5031,Will Weaver
5032,Willard Carroll
5033,Willard Huyck
5034,William B. Breuer
5035,William Bigelow
5036,William Blinn
5037,William Boyd
5038,William Brent Bell
5039,William Broyles Jr.
5040,William Butler
5041,William Carlos Williams
5042,William D. Wittliff
5043,William Davies
5044,William Dear
5045,William Diehl
5046,William Douglas-Home
5047,William Friedkin
5048,William Gibson
5049,William Goldman
5050,William Gray
5051,William Hanna
5052,William Harrison
5053,William Hjortsberg
5054,William Ivory
5055,William Joyce
5056,William Kelley
5057,William Kennedy
5058,William Kotzwinkle
5059,William M. Akers
5060,William M. Finkelstein
5061,William M. Gaines
5062,William Malone
5063,William Mickelberry
5064,William Monahan
5065,William Nack
5066,William Nicholson
5067,William Osborne
5068,William P. Kennedy
5069,William P. Wingate
5070,William Peter Blatty
5071,William Porter
5072,William Prochnau
5073,William Reilly
5074,William Riead
5075,William Roberts
5076,William Rose
5077,William S. Burroughs
5078,William S. Comanor
5079,William Shakespeare
5080,William Shatner
5081,William Steig
5082,William Styron
5083,William Wharton
5084,William Wheeler
5085,William Wisher
5086,William Wolff
5087,Willie Morris
5088,Wim Wenders
5089,Winnie Holzman
5090,Winston Groom
5091,Witi Ihimaera
5092,Wladyslaw Szpilman
5093,Wolfgang Petersen
5094,Won-jun Ha
5095,Woody Allen
5096,Woody Gelman
5097,Xavier Beauvois
5098,Yabo Yablonsky
5099,Yale Udoff
5100,Yann Martel
5101,Yao Meng
5102,Yareli Arizmendi
5103,Yash Keswani
5104,Yasmina Reza
5105,Yasushi Akimoto
5106,Yimou Zhang
5107,Yogesh Chandekar
5108,Yong-hwa Kim
5109,Yorgos Lanthimos
5110,Youssef Delara
5111,Yu Cao
5112,Yuet-Jan Hui
5113,Yunus Sajawal
5114,Yuri Zeltser
5115,Yvan Attal
5116,Yves Robert
5117,Zach Braff
5118,Zach Cregger
5119,Zach Helm
5120,Zach Shields
5121,Zachary Sklar
5122,Zack Snyder
5123,Zack Stentz
5124,Zak Penn
5125,Zal Batmanglij
5126,Zane Smith
5127,Zara Hayes
5128,Zeke Richardson
5129,Zhihong Bian
5130,Zhuzhu Chen
5131,Ziad Doueiri
5132,Ziggy Steinberg
5133,Zoe Kazan
5134,Zora Neale Hurston
5135,Zoë Heller
5136,Zoë Lund
5137,Àlex Pastor
5138,Álex de la Iglesia
5139,Álvaro Rodríguez
5140,Élie Chouraqui
5141,Émile Gaudreault
5142,Éric Tessier
5143,Éric Toledano
